,riverdistance,forest,sealevel,temp,humidity,wind,cloud,weather,pressure,class
0,1.65,89.99778,571.91,21.05,95,5.18,100,Rain,1007,1
1,0,8.557778,4824.79,8.35,86,0.65,100,Rain,1010,1
2,5.5,86.16333,87.45,30.12,75,1.62,14,Clouds,1006,1
3,7,92.05667,3.4,27.02,74,1.67,4,Clear,1009,1
4,0.95,64.75111,59.32,30.32,79,2.52,98,Clouds,995,1
5,5.2,91.78889,151.44,26.13,81,3.48,100,Rain,1005,1
6,1.2,87.27222,7.27,26.69,89,1.39,56,Clouds,1008,1
7,4.2,88.82222,59.25,26.83,92,1.55,100,Clouds,1001,1
8,4,93.71111,154.51,23.35,94,1.79,100,Rain,1002,1
9,2.9,87.99556,185.62,26.05,92,5.03,100,Clouds,1000,1
10,5,19.82222,22.45,24.12,89,0,20,Smoke,1009,1
11,11,46.75556,699.66,22.76,87,5.35,100,Clouds,1008,1
12,2.5,80.31222,20.29,31.53,76,1.35,83,Rain,1000,1
13,30,91.42778,119.08,29.73,79,1.79,98,Rain,998,1
14,0,1.11,5554.87,-14.02,92,1.73,99,Snow,1008,1
15,8.5,59.31222,75.35,26.32,93,0.37,100,Rain,1002,1
16,0.65,68.05333,123.47,31.93,61,1.81,45,Clouds,999,1
17,40,72.70667,134.62,25.73,94,2.56,96,Rain,1002,1
18,1.7,0,153.1,29.35,83,2.83,96,Rain,1002,1
19,6.6,92.59222,65.59,20.6,94,1.11,26,Clouds,1013,1
20,0.2,57.91,271.95,23.7,87,0.43,98,Rain,1012,1
21,0.56,69.894,25.64,26.24,93,0.46,92,Clouds,1009,1
22,0.25,82.95889,6.56,25.07,92,1.05,32,Clouds,1013,1
23,1.5,55.15778,82.42,31.2,74,0.34,100,Clouds,1000,1
24,12,89.35778,324.15,26.16,80,6.14,49,Clouds,998,1
25,50,93.27,659.35,24.55,94,0.95,100,Rain,1000,1
26,0.1,78.88667,139.11,30.47,80,0.8,85,Clouds,1000,1
27,6.5,83.32778,203.34,34.79,29,2.71,0,Clear,1003,1
28,6.7,90.96556,44.38,26.12,95,1.96,66,Clouds,1008,1
29,19,0.906667,608.34,34.81,35,4.63,81,Clouds,1006,1
30,8,92.92333,89.65,27.49,89,0.42,99,Clouds,1004,1
31,4,84.08222,15.29,27.9,90,1.11,100,Rain,1001,1
32,8,89.6845,453.22,14.02,89,1.05,21,Clouds,1012,1
33,13.7,93.07778,373.23,17.17,97,1.31,97,Clouds,1016,1
34,3.3,84.597,11.82,23.33,92,2.56,90,Rain,1011,1
35,11.7,86.44889,170.57,27.83,82,1.67,25,Clouds,1003,1
36,8.35,93.02,1010.95,27.22,78,1.19,98,Rain,1012,1
37,6.1,30.90444,289.66,24.36,83,5.12,99,Clouds,1010,1
38,0.001,77.91,23.57,27.43,72,2.92,99,Clouds,1007,1
39,3.1,4.451111,326.77,36.89,39,0.96,57,Clouds,1006,1
40,5.75,91.39778,2007.48,16.66,95,0.31,100,Rain,1006,1
41,45,81.34556,135.57,28.9,86,1.54,100,Rain,996,1
42,0.12,89.07556,762.3,21.9,87,1.14,43,Clouds,1010,1
43,0.08,88.33889,1151.55,17.64,98,0.05,100,Rain,1007,1
44,3.3,91.12,300.76,40.93,23,1.79,26,Clouds,1000,1
45,22,91.95,1587.08,22.47,85,0.81,75,Clouds,1003,1
46,55,91.85222,468.04,31.79,46,2.06,44,Clouds,1005,1
47,12.5,28.12667,80.41,26.24,86,2.1,20,Drizzle,1009,1
48,42,82.10222,74.25,35.07,48,3.76,97,Clouds,1002,1
49,4.75,94.08111,438.33,22.42,54,0.89,20,Clouds,1012,1
50,12.1,86.41889,68.79,25.68,94,0.22,100,Rain,1004,1
51,7.8,16.71111,255.07,41.95,14,5.39,0,Clear,992,1
52,1.8,69.71111,2789.92,11.69,95,0.82,85,Rain,1010,1
53,6.6,87.13667,41.45,32.63,76,4.76,98,Clouds,998,1
54,6.2,83.79111,15.45,25.56,95,1.73,100,Rain,1011,1
55,8,97.61889,2765.99,14.73,97,0.3,100,Rain,1015,1
56,1.8,79.94333,118.11,26.06,93,2.64,99,Clouds,1006,1
57,20,97.00444,377.79,29.27,74,1.99,63,Clouds,1010,1
58,0.02,51.31,12,27.74,91,1.23,42,Clouds,1001,1
59,3.1,19.60333,256.84,34.67,44,5.16,100,Clouds,1001,1
60,16,86.85667,2119.54,18.31,95,1.23,100,Rain,1008,1
61,0.3,0,157.58,26.96,86,4.05,100,Clouds,1003,1
62,3.8,84.43667,110.17,26.83,90,1.85,100,Rain,1008,1
63,17,89.47556,73.56,28.34,81,1.76,74,Clouds,1002,1
64,9.3,89.73444,1674.21,22.88,53,0.5,20,Rain,1004,1
65,2.6,51.52444,768.84,23.15,91,5.38,100,Rain,1004,1
66,1,88.73333,4.95,26.24,96,0,75,Rain,1006,1
67,0.6,38.45556,340.62,24.35,78,5.56,100,Clouds,1003,1
68,30,87.68579,1.75,27.55,92,3.43,4,Clear,1008,1
69,14,1.295556,550.19,24.08,89,5.38,98,Clouds,1004,1
70,22,23.17556,188.01,33.67,38,4.13,39,Clouds,1003,1
71,5.8,88.35667,4.68,25.03,96,2.22,97,Clouds,1009,1
72,21,91.09111,126.87,16.88,99,1.23,68,Clouds,1016,1
73,0.05,28.04444,99.15,26.26,95,0.59,98,Rain,1004,1
74,0.9,31.29111,4248.99,9.92,74,0.71,18,Clouds,1015,1
75,2.8,98.65625,91.26,28.48,77,1.67,96,Clouds,1002,1
76,14.4,0,251.75,27.27,77,4.21,100,Clouds,1002,1
77,30,92.64111,128.86,28.64,88,1.29,99,Clouds,999,1
78,1.6,87.69542,199.67,38.11,36,3.97,63,Clouds,1001,1
79,4,88.60556,16.43,25.48,98,2.07,51,Clouds,1011,1
80,17,70.96889,735.84,20.8,93,0,20,Clouds,1010,1
81,4,91.19,20.18,25.94,96,0.51,100,Rain,1004,1
82,2.4,1.787778,94.29,27.6,84,5.36,81,Clouds,1001,1
83,1.1,67.49222,-0.2,27.74,85,1.8,73,Clouds,1008,1
84,25,55.21778,222.72,28.54,86,1.53,95,Clouds,1005,1
85,1.3,32.52778,4149.66,5.82,91,1.67,100,Rain,1011,1
86,4.6,89.94,1646.56,20.23,86,0.81,15,Clouds,1010,1
87,30,86.46333,82.26,27.6,88,3.19,45,Clouds,1007,1
88,3.3,89.31778,65.69,27.83,94,2.38,98,Clouds,998,1
89,0.7,47.69,220.28,31.42,68,0.82,79,Clouds,999,1
90,0.3,17.87111,154.25,24.34,97,1.25,39,Clouds,1011,1
91,9,81.55778,103.03,23.16,91,2.08,74,Clouds,1013,1
92,30,22.03667,629.48,22.93,94,5.39,100,Rain,999,1
93,65.5,92.01556,307.25,24.14,48,1.52,0,Clear,1012,1
94,13.5,68.7951,-0.03,27.23,39,3.26,0,Clear,1008,1
95,13,61.28444,4.34,27.66,93,0,20,Haze,1001,1
96,10,78.24333,7.44,27.2,86,2.99,100,Rain,1008,1
97,7,86.00778,13,33.13,76,5.38,68,Clouds,1000,1
98,5.2,43.58333,67.84,26.65,88,4.77,100,Clouds,1001,1
99,67.5,89.22,51.64,29.75,78,3.04,99,Rain,1001,1
100,151,91.97111,2254.64,14.84,96,0.64,100,Rain,1010,1
101,77.6,92.96222,3.56,25.84,90,3.93,100,Rain,999,1
102,43.2,93.88111,1885.09,17.8,94,1.14,100,Rain,1006,1
103,15.5,90.22667,60.2,27.2,29,4.53,5,Clear,1003,1
104,34.05,90.19222,138.82,32.03,75,1.61,38,Clouds,1000,1
105,1.683,78.45778,83.7,25.09,97,1.55,95,Rain,1005,1
106,9.6,79.61575,1.8,29.06,89,1.58,100,Rain,997,1
107,22.5,50.85,319.74,29.38,47,2.42,0,Clear,1010,1
108,19.1,6.758889,320.63,27.12,82,1.28,93,Clouds,1005,1
109,0.1,25.28889,93.25,22.98,87,1.98,78,Clouds,1009,1
110,5.4,91.38333,52.6,20.84,99,3.17,100,Rain,1003,1
111,0.2,90.5975,71.97,25.46,92,1.23,68,Rain,1000,1
112,12.6,19.02889,141.73,31.05,65,3.95,100,Clouds,1001,1
113,227,89.14333,203.85,27.96,63,2.15,0,Clear,1003,1
114,32.48,18.99222,3975.7,-1.27,91,1.36,71,Clouds,1018,1
115,16.5,19.31111,267.33,32.45,65,1.37,100,Clouds,996,1
116,50,87.67222,71.99,29.17,80,2.88,26,Clouds,1006,1
117,16.178,92.71333,82.68,27.2,93,0.62,100,Rain,1004,1
118,12.5,91.98111,81.65,29.85,76,1.63,30,Clouds,1004,1
119,6.8,94.15889,35.11,28.28,88,2.23,84,Rain,1005,1
120,8.2,90.36222,530.7,28.73,77,2.34,66,Clouds,1009,1
121,7.01,98.7951,73.6,27.05,92,2.61,99,Rain,996,1
122,23.65,90.29111,45.05,32.59,47,2.86,11,Clouds,1005,1
123,8.7,95.29778,177.17,25.69,76,0,40,Haze,1007,1
124,16,91.50556,154.33,24.8,100,1.83,100,Rain,1002,1
125,0.1,75.9514,59.51,27.35,93,1.22,99,Rain,996,1
126,3.26,71.46889,47.46,29.04,85,5.6,64,Clouds,999,1
127,14.2,89.04889,1351.23,18.59,68,1.85,24,Clouds,1011,1
128,3.146,18.17111,598.94,30.74,57,1.73,25,Clouds,1005,1
129,0.1,83.38778,244.95,26.47,93,3.48,100,Rain,998,1
130,5.4,90.75778,1163.29,23.74,95,0.49,50,Rain,1006,1
131,0.1,96.47512,74.09,25.9,93,1.15,93,Rain,1008,1
132,5.25,89.61,233.7,35.31,26,1.5,96,Clouds,1003,1
133,3.7,61.61111,4333.4,16.12,72,0.71,28,Clouds,1010,1
134,40,85.85667,291.49,25.19,93,0.54,69,Clouds,1012,1
135,8.6,58.05444,4376.91,-14.76,59,1.59,96,Clouds,1027,1
136,13.44,80.85667,50.79,32.41,70,2.97,46,Rain,1006,1
137,2.635,83.16444,79.93,19.81,93,1.29,100,Rain,1011,1
138,1.2,52.29778,113.53,28.28,88,3.33,99,Clouds,1001,1
139,43.2,90.75111,87.12,27.44,95,1.48,100,Clouds,1005,1
140,6.86,93.24667,76.76,27.95,87,1.46,10,Clear,1006,1
141,13.2,21.93778,264.19,28.77,40,2.08,0,Clear,1014,1
142,100,58.05444,4376.91,-14.76,59,1.59,96,Clouds,1027,1
143,21,80.85667,50.79,32.41,70,2.97,46,Rain,1006,1
144,3.041,83.16444,79.93,19.81,93,1.29,100,Rain,1011,1
145,3.4,52.29778,113.53,28.28,88,3.33,99,Clouds,1001,1
146,42.75,90.75111,87.12,27.44,95,1.48,100,Clouds,1005,1
147,8.5,93.24667,76.76,27.95,87,1.46,10,Clear,1006,1
148,11.83,21.93778,264.19,28.77,40,2.08,0,Clear,1014,1
149,1.02,25.24889,52.35,28.52,87,4.41,97,Clouds,1000,1
150,62.66,93.83889,339.54,26.29,89,1.37,4,Clear,1009,1
151,0.1,95.82225,105.81,17.28,92,1.35,98,Rain,1010,1
152,1.2,86.48778,129.3,25.79,95,2.55,64,Clouds,1001,1
153,18,90.41889,15.42,27.62,93,1.98,100,Rain,1004,1
154,9.5,87.16556,30.5,24.24,59,2,0,Clear,1014,1
155,0.5,75.9584,-5.72,31.84,80,1.5,20,Clouds,1005,1
156,3.24,85.16222,49,24.43,96,3.74,20,Rain,1005,1
157,17.5,89.6974,92.75,30.29,83,1.2,99,Rain,997,1
158,18.5,7.435556,464.02,34.39,24,2.55,40,Clouds,1010,1
159,13.5,93.03333,742.92,23.89,92,0.95,94,Rain,1010,1
160,6.275,95.92778,290.59,25.07,94,1.3,100,Clouds,1003,1
161,7.2,0,483.22,25.73,87,2.07,78,Clouds,1008,1
162,11.714,94.02778,524.75,25.07,92,2.36,88,Rain,1010,1
163,27.7,97.52222,535.16,36.8,47,1.31,44,Clouds,1000,1
164,20.069,88.91778,212.91,32.56,68,1.65,0,Clear,1001,1
165,6.77,86.81667,11.29,25.65,89,2.96,100,Clouds,1005,1
166,33,0,323.96,28.55,75,4.32,94,Clouds,1001,1
167,5.139,86.28778,399.93,24.35,50,1.63,0,Clear,1005,1
168,16.04,80.61111,1954.28,11.57,76,1.6,5,Clear,1012,1
169,3.4,80.50444,45.18,26.61,81,2.28,100,Clouds,1009,1
170,1.826,1.014444,293.08,23.99,94,3.35,100,Clouds,1003,1
171,7.268,81.89667,299.29,31.04,42,4.94,52,Clouds,1003,1
172,15.57,91.13444,11.98,25.01,85,1.61,13,Rain,1004,1
173,10.11,88.69,137.04,24.72,92,1.12,74,Clouds,1007,1
174,1.382,84.42667,20.31,29.14,82,1.81,46,Clouds,1001,1
175,3.998,87.83333,161.25,25.75,97,4.13,87,Clouds,1002,1
176,8.057,93.45111,838.58,22.49,99,2.15,34,Clouds,1010,1
177,12.1,45.00222,581.53,26.6,44,1.8,0,Clear,1009,1
178,0.1,54.77444,0,29.34,77,5.57,9,Clear,1008,1
179,0.15,61.78,59.78,39.72,24,2.48,1,Clear,1001,1
180,15.5,92.43556,114.91,36.87,36,2.02,1,Clear,998,1
181,16,96.89111,476.82,23.3,94,1.65,100,Rain,1001,1
182,0.4,80.81667,9.2,35.36,47,3.28,70,Clouds,1003,1
183,3,96.6574,409.16,40.65,21,1.94,81,Clouds,1001,1
184,0.01,69.34667,110,26.39,70,1.32,5,Clear,1010,1
185,3.4,80.42333,330.7,15.15,98,1.51,0,Clear,1012,1
186,3.3,87.77889,57.64,31.38,61,1.94,100,Clouds,1003,1
187,4.2,91.44556,13.73,26.87,94,0.44,83,Clouds,1002,1
188,4.1,88.59444,79.67,29.17,76,1.91,52,Clouds,1006,1
189,0.3,89.76333,68.95,25.72,92,1.24,96,Rain,1002,1
190,2,74.40667,88.6,27.23,94,0.81,88,Clouds,1006,1
191,8,52.27556,511.51,22.44,95,1.35,100,Clouds,1012,1
192,4.6,92.32222,40.55,30.4,76,0.83,26,Clouds,1005,1
193,1.6,43.71222,112.61,27.65,86,0.62,100,Rain,1006,1
194,0.58,92.18889,2.21,27.99,94,3.2,32,Clouds,1006,1
195,1.1,90.54333,56.25,33.75,60,2.32,31,Clouds,1002,1
196,0.05,90.09778,71.34,31.93,76,1.8,100,Rain,998,1
197,2.3,94.54889,36.2,30.97,53,3.33,43,Clouds,1007,1
198,1,90.28444,250.05,24.16,96,1.88,100,Rain,1004,1
199,30,97.26111,320.31,14.69,89,1.17,0,Clear,1013,1
200,0.35,94.54667,274.48,23.43,76,2.51,0,Clear,1013,1
201,1.85,80.41667,136.01,25.24,75,3.1,0,Clear,1006,1
202,2.1,90.55333,48.64,27.25,97,3.7,98,Rain,1001,1
203,0.998,90.34556,118.09,27.4,91,2.04,100,Rain,1001,1
204,12,98.7462,157.16,28.11,78,1.27,47,Rain,1014,1
205,1.7,85.90111,174.27,34.37,43,1.85,55,Clouds,1005,1
206,1.8,93.06,141.51,24.47,68,1.06,1,Clear,1016,1
207,2.75,57.72222,89.85,32.11,62,2.72,29,Clouds,1006,1
208,2.32,93.68778,109.27,22.64,97,0.7,100,Rain,1007,1
209,0.1,60.44667,383.35,25.55,75,1.54,0,Clear,1010,1
210,1.9,96.44444,968.01,20.95,94,3.81,100,Rain,1011,1
211,7.02,97.56444,2076.8,20.55,97,0.64,100,Rain,1006,1
212,0.01,78.95222,484,24.7,74,1.46,13,Clouds,1005,1
213,0.7,91.5984,83.26,32.21,75,2.71,98,Clouds,1002,1
214,1.65,42.44889,340.95,44.89,7,5.18,30,scattered clouds,1003,0
215,0,64.59,154.6,15.89,51,2.47,65,broken clouds,1013,0
216,5.5,59.83222,124.27,35.57,26,2.36,0,clear sky,1008,0
217,7,88.64222,89.92,15.54,57,1.92,0,clear sky,1017,0
218,0.95,63.84,276.73,32.97,49,6.46,0,clear sky,1010,0
219,5.2,58.16333,38.61,27.77,77,2.91,0,clear sky,1009,0
220,1.2,86.74,114.82,31.99,50,1.31,6,clear sky,1009,0
221,4.2,33.44667,404.06,20.91,54,1.16,99,overcast clouds,1006,0
222,4,28.77556,373,27.44,47,3.41,100,overcast clouds,1006,0
223,2.9,74.85889,75.22,29.05,77,4.94,92,light rain,997,0
224,5,25.56333,855.32,16.83,78,0.99,0,clear sky,1011,0
225,11,88.84444,12.31,28.33,79,9.88,12,few clouds,1004,0
226,2.5,40.46333,8.85,30.16,80,6.85,93,light rain,1005,0
227,30,32.52,285.83,20.48,25,2.98,0,clear sky,1015,0
228,0,25.6587,197.78,12.84,39,1.52,35,scattered clouds,1014,0
229,8.5,88.06667,495.78,23.72,17,5.45,0,clear sky,1010,0
230,0.65,17.91889,1312.69,16.41,82,0.45,75,broken clouds,1011,0
231,40,79.11889,296.87,23.71,35,0.94,37,scattered clouds,1008,0
232,1.7,14.58556,109.77,35.74,57,2.46,74,broken clouds,989,0
233,6.6,61.10333,639.58,26.88,70,6.24,59,light rain,1006,0
234,0.2,47.81556,156.44,22.73,59,2.78,70,broken clouds,1010,0
235,0.56,11.77556,668.25,22.24,88,5.01,100,light rain,1007,0
236,0.25,47.39222,681.91,25.23,18,1.69,0,clear sky,1013,0
237,1.5,1.735556,513.86,28.79,31,5.94,0,clear sky,1003,0
238,12,9.135556,6.75,27.09,87,7.72,96,light rain,996,0
239,50,63.17444,451.91,23.7,83,1.36,30,light rain,1009,0
240,0.1,83.33,37.68,21.37,82,4.11,80,broken clouds,1011,0
241,6.5,36.16778,86.27,31.42,40,6.8,0,clear sky,1004,0
242,6.7,55.58333,208,30.75,32,1.62,0,clear sky,1006,0
243,19,3.108889,214.97,38.41,35,1.91,16,few clouds,991,0
244,8,66.15889,237.31,38.12,14,6.35,98,overcast clouds,1002,0
245,4,34.24,472.64,30.14,29,1.93,55,broken clouds,1010,0
246,8,86.72333,28.25,30.02,82,2.42,86,moderate rain,1003,0
247,13.7,45.01222,223.65,20.33,50,5.2,51,light rain,1013,0
248,3.3,52.60444,100.63,19.54,60,2.01,0,clear sky,1014,0
249,11.7,41.99889,69.5,21.34,26,6.5,0,clear sky,1016,0
250,8.35,77.97667,89.71,16.05,78,0.32,0,clear sky,1010,0
251,6.1,85.91556,1206.24,19.69,41,3.09,34,light rain,1015,0
252,0.001,68.67444,142.94,34.39,36,0.91,41,scattered clouds,1006,0
253,3.1,78.64333,308,23.89,85,2.06,100,light rain,1005,0
254,5.75,51.57889,15.05,33.75,34,6.88,0,clear sky,1009,0
255,45,79.27111,91.98,20.1,87,2.41,67,light rain,1016,0
256,0.12,70.56222,323.6,19,26,2.49,0,clear sky,1015,0
257,0.08,96.86889,618.96,24.55,95,5.31,100,heavy intensity rain,1001,0
258,3.3,71.04111,496.4,23.48,93,5.31,100,light rain,1002,0
259,22,90.61889,119.76,23.78,91,1.3,100,moderate rain,1009,0
260,55,52.18667,588.78,27.24,34,3.74,0,clear sky,1011,0
261,12.5,3.678889,20.98,23,46,3.15,0,clear sky,1013,0
262,42,13.21556,555.85,24.5,35,2,12,few clouds,1014,0
263,4.75,66.49222,9.12,26.55,83,4.11,98,light rain,1011,0
264,12.1,79.98889,8.61,22.81,54,3.42,0,clear sky,1014,0
265,7.8,88.86444,1088.04,13.3,38,3.15,0,clear sky,1017,0
266,1.8,64.62333,297.7,27.58,24,2.11,0,clear sky,1007,0
267,6.6,90.08556,169.06,17.4,76,5.11,49,scattered clouds,1009,0
268,6.2,68.50667,237.81,41.84,27,3.66,77,broken clouds,994,0
269,8,57.04889,0.75,26.45,66,6,86,overcast clouds,1012,0
270,1.8,0.651111,236.9,28.3,73,5.89,95,light rain,1008,0
271,20,39.20111,321.13,23.49,43,2.93,69,broken clouds,1014,0
272,0.02,59.10444,487.97,26.29,77,5.34,0,clear sky,1008,0
273,3.1,0.04,236.9,31.18,59,2.87,0,clear sky,1002,0
274,16,1.737778,377.03,37.43,25,3.34,2,clear sky,1010,0
275,0.3,26.62556,1587.48,14,81,1.92,100,light rain,1015,0
276,3.8,42.15889,561.54,20.55,56,0.77,2,clear sky,1010,0
277,17,66.02556,182.3,26.81,37,3.27,0,clear sky,1009,0
278,9.3,85.76,258.28,19.28,41,4.22,0,clear sky,1013,0
279,2.6,67.36889,230.66,27.98,23,2.11,41,scattered clouds,1010,0
280,1,57.65889,11.33,20.25,61,3.76,0,clear sky,1013,0
281,0.6,58.72,774.2,27.9,47,1.59,94,overcast clouds,1001,0
282,30,96.95,506.45,25.26,42,2.42,13,few clouds,1008,0
283,14,0.625556,221.97,40.81,8,2.36,0,clear sky,992,0
284,22,84.12667,53.34,23.91,41,1.56,0,clear sky,1015,0
285,5.8,58.78556,152.93,31.72,21,2.58,13,few clouds,1008,0
286,21,79.84889,997.24,16.99,82,1.03,6,clear sky,1011,0
287,0.05,85.66556,107.81,31.63,74,1.68,82,light rain,1002,0
288,0.9,74.38667,125.32,31.88,46,0.18,0,clear sky,1004,0
289,2.8,67.16889,90.46,21.33,27,1.11,0,clear sky,1011,0
290,14.4,1.46,836.06,23.94,77,7.5,97,overcast clouds,1007,0
291,30,40.03667,33.91,24.01,75,1.34,59,broken clouds,1012,0
292,1.6,85.22778,24.91,21.04,86,0.77,91,light rain,1008,0
293,4,51.63111,280.85,26.88,23,3.04,0,clear sky,1006,0
294,17,55.25778,351.31,31.1,12,2.6,0,clear sky,1013,0
295,4,11.57,454.18,29.41,63,6.75,92,overcast clouds,1008,0
296,2.4,27.40444,214.26,26.22,85,5.65,100,light rain,1004,0
297,1.1,90.82556,216.36,37.36,40,4.23,45,scattered clouds,995,0
298,25,53.99,2.27,32.13,58,8.06,48,scattered clouds,1005,0
299,1.3,74.34333,171.68,17.38,58,1.92,0,clear sky,1016,0
300,4.6,65.95333,442.45,25.15,88,6.61,84,broken clouds,999,0
301,30,78.06111,231.92,21.15,66,1.8,0,clear sky,1006,0
302,3.3,76.11889,95,28.59,62,6.19,0,clear sky,1010,0
303,0.7,62.63333,219.54,35.98,46,3.67,79,broken clouds,1005,0
304,0.3,3.567778,289.75,20.51,32,2.18,0,clear sky,1013,0
305,9,71.66556,421.01,34.9,39,3.6,100,overcast clouds,1001,0
306,30,73.55222,69.4,21.82,94,2.33,87,overcast clouds,1011,0
307,65.5,39.40889,264.07,29.62,42,3.24,37,scattered clouds,1011,0
308,13.5,9.114444,345.87,23.57,80,2.96,34,scattered clouds,1011,0
309,13,46.09,306.38,23.22,42,3.22,70,broken clouds,1015,0
310,10,1.498889,94.42,27.54,58,2.36,99,overcast clouds,1009,0
311,7,91.02222,144.18,34.19,10,5.32,60,broken clouds,1008,0
312,5.2,96.40222,818.76,9.51,80,1.51,0,clear sky,1017,0
313,67.5,81.16556,817.1,27.45,26,5.26,17,few clouds,1010,0
314,151,58.86,448.88,23.49,56,6.56,0,clear sky,1013,0
315,77.6,13.14889,80.62,19.53,41,3.58,0,clear sky,1011,0
316,43.2,8.385556,492.02,20.49,90,1.36,27,scattered clouds,1011,0
317,15.5,88.14889,121.72,25.03,18,4.39,0,clear sky,1013,0
318,34.05,77.65667,1433.54,17.39,96,0.81,84,broken clouds,1006,0
319,1.683,56.30111,62.43,35.92,49,1.75,100,overcast clouds,993,0
320,9.6,55.94222,272.85,28.18,29,2.33,79,broken clouds,1011,0
321,22.5,20.14889,577.26,11.7,36,3.12,0,clear sky,1015,0
322,19.1,9.648889,721.97,25.32,68,8.46,100,overcast clouds,1007,0
323,0.1,26.23889,24.78,30.52,23,2.27,0,clear sky,1011,0
324,5.4,0.032222,291.66,31.36,12,1.79,3,clear sky,1012,0
325,0.2,64.59,319.74,16.02,46,1.57,0,clear sky,1015,0
326,12.6,90.09889,314.26,29.46,69,4.03,99,light rain,1005,0
327,227,50.45,331.11,33.43,44,2.32,0,clear sky,1002,0
328,32.48,62.10111,225.4,18.87,25,2.01,0,clear sky,1016,0
329,16.5,16.11667,229.45,20.35,49,1.59,90,overcast clouds,1010,0
330,50,68.80778,467.99,28.28,25,3.09,0,clear sky,1013,0
331,16.178,82.29444,107.51,22.76,41,3.89,49,scattered clouds,1015,0
332,12.5,90.75,15.66,33.42,54,7.52,62,broken clouds,1000,0
333,6.8,68.15,305.52,20.3,36,1.49,39,scattered clouds,1014,0
334,8.2,77.48111,423.78,36.47,8,2.34,79,broken clouds,1008,0
335,7.01,31.00111,550.43,28.66,20,3.06,0,clear sky,1011,0
336,23.65,0,526.54,26.59,76,5.09,100,moderate rain,1007,0
337,8.7,0.291111,235.65,33.69,41,6.82,0,clear sky,1004,0
338,16,71.22667,116.5,29.17,36,2.59,73,broken clouds,1011,0
339,0.1,41.54667,235.18,26.33,16,4.21,0,clear sky,1015,0
340,3.26,90.29667,80.94,18.06,32,1.65,0,clear sky,1015,0
341,14.2,62.78667,235.93,31.04,39,2.43,0,clear sky,1004,0
342,3.146,73.53556,8.26,42.91,17,0.94,0,clear sky,1012,0
343,0.1,36.17667,236.29,14.04,44,0.21,0,clear sky,1016,0
344,5.4,88.38889,449.9,24.63,28,1.25,0,clear sky,1008,0
345,0.1,19.25444,77.28,30.31,75,3.36,89,overcast clouds,998,0
346,5.25,74.67667,476.85,44.92,6,7.54,0,clear sky,999,0
347,3.7,51.77778,207.82,19.95,32,2.82,0,clear sky,1017,0
348,40,33.20889,355.3,23.65,82,0.75,100,light rain,1010,0
349,8.6,18.48667,261.22,23.23,52,4.43,0,clear sky,1010,0
350,13.44,2.317778,417.7,20.62,21,1.24,0,clear sky,1012,0
351,2.635,10.20778,234.32,29.25,72,7.56,100,moderate rain,1000,0
352,1.2,64.18,378.78,23.88,88,5.06,93,overcast clouds,1002,0
353,43.2,0.25,226.58,33.17,50,4.06,0,clear sky,1004,0
354,6.86,26.34,203.14,19.78,67,1.86,0,clear sky,1013,0
355,13.2,69.41222,435.46,26.07,56,3.73,6,clear sky,1006,0
356,100,91.41111,151.89,23.95,41,0.13,19,few clouds,1009,0
357,21,78.14333,1625.74,26.56,68,2.48,32,light rain,1002,0
358,3.041,44.37111,153.62,21.94,52,2.44,0,clear sky,1006,0
359,3.4,11.39333,178.11,31.02,65,4.6,13,light rain,995,0
360,42.75,92.24111,178.66,31.91,22,0.98,30,scattered clouds,1003,0
361,8.5,64.89,81.39,27.41,74,4.14,14,few clouds,1006,0
362,11.83,94.82556,443.13,33.91,24,1.52,2,clear sky,1009,0
363,1.02,27.37556,816.75,32.31,18,4.13,0,clear sky,1014,0
364,62.66,48.32556,286.23,27.42,69,0.53,87,overcast clouds,1004,0
365,0.1,96.40778,1662.83,22.19,87,0.66,55,light rain,1006,0
366,1.2,86.47667,15.89,30.63,70,2.43,100,light rain,1007,0
367,18,24.28,602.12,22.44,60,3.28,0,clear sky,1016,0
368,9.5,15.96333,4.65,39.93,29,5.63,8,clear sky,1006,0
369,0.5,36.22667,165.89,31.25,64,4.81,94,overcast clouds,998,0
370,3.24,50.47111,256.09,29.89,28,1.95,2,clear sky,1011,0
371,17.5,4.252222,918.3,22.49,77,9.59,100,light rain,1003,0
372,18.5,34.71222,574.04,23.35,86,6.75,99,light rain,1007,0
373,13.5,58.35778,701.86,21.61,87,7.88,100,light rain,1007,0
374,6.275,80.62556,181.65,9.72,61,1.09,0,clear sky,1021,0
375,7.2,90.24444,53.76,26.18,47,3.27,0,clear sky,1012,0
376,11.714,24.78778,295.24,28.27,38,1.52,0,clear sky,1010,0
377,27.7,56.42,273.97,25.34,91,7.19,100,heavy intensity rain,997,0
378,20.069,3.897778,2.32,30.63,44,4.08,0,clear sky,1013,0
379,6.77,4.356667,227.43,19.44,26,1.47,0,clear sky,1014,0
380,33,84.91556,216.86,38.86,11,1.39,8,clear sky,1005,0
381,5.139,53.14333,246.21,36.25,43,2.35,73,broken clouds,997,0
382,16.04,59.01889,178.92,45.02,6,7.36,47,scattered clouds,1000,0
383,3.4,32.5,242.96,23.72,22,1.36,65,broken clouds,1008,0
384,1.826,1.81,307.73,36.67,17,8.89,15,few clouds,1001,0
385,7.268,76.64111,551.14,15.56,92,1.22,32,scattered clouds,1012,0
386,15.57,4.683333,4.25,26.45,75,0.24,49,scattered clouds,1010,0
387,10.11,88.55111,359.07,28.43,68,1.38,97,overcast clouds,1004,0
388,1.382,11.68,572.29,25,81,6.08,100,overcast clouds,1005,0
389,3.998,22.60222,25.71,25.94,70,4.92,0,clear sky,1011,0
390,8.057,88.65556,22.26,26.6,35,0.93,0,clear sky,1011,0
391,12.1,85.46778,1598.02,11.59,48,0.94,44,scattered clouds,1012,0
392,0.1,51.49333,28.81,38.04,32,5.7,6,clear sky,1006,0
393,0.15,27.58111,246.63,24.65,33,1.56,0,clear sky,1016,0
394,15.5,86.71778,360.83,19.11,34,1.13,1,clear sky,1015,0
395,16,19.42444,125.77,19.74,83,1.42,20,few clouds,1011,0
396,0.4,29.02111,244.28,32.4,44,2.97,0,clear sky,1003,0
397,3,74.17889,36.31,33.88,47,6.11,100,overcast clouds,1005,0
398,0.01,93.29667,1625.31,11.35,84,1.34,0,clear sky,1009,0
399,3.4,90.37667,151.11,17.93,90,0.97,67,broken clouds,1015,0
400,3.3,69.81222,257.79,18.55,37,2.34,2,clear sky,1013,0
401,4.2,90.41556,224.38,24.41,19,2.95,0,clear sky,1016,0
402,4.1,34.25889,276.81,28.83,60,0.91,31,scattered clouds,1001,0
403,0.3,76.75444,661.3,34.25,16,3.67,50,scattered clouds,1007,0
404,2,69.82,142.02,27.5,51,2.96,0,clear sky,1004,0
405,8,34.73111,175.48,17.02,27,2.14,0,clear sky,1014,0
406,4.6,46.73,537.46,30.31,30,5.42,95,overcast clouds,1009,0
407,1.6,89.84556,286.55,31.42,20,1.29,0,clear sky,1010,0
408,0.58,56.63222,202.83,29.68,13,3.97,0,clear sky,1012,0
409,1.1,79.70222,299.63,20.08,30,2.33,33,scattered clouds,1013,0
410,0.05,5.172222,210.86,37.18,43,2.13,10,clear sky,996,0
411,2.3,77.76,190.85,27.59,85,5.76,98,light rain,1003,0
412,1,88.62889,94.53,14.65,43,2.33,0,clear sky,1016,0
413,30,72.01444,134.21,12.63,40,1.97,90,overcast clouds,1013,0
414,0.35,36.13333,219.18,23.11,52,0.7,0,clear sky,1015,0
415,1.85,70.34,406.7,32.37,54,1.73,97,overcast clouds,1003,0
416,2.1,81.20333,229.18,29.47,68,4.13,44,scattered clouds,1004,0
417,0.998,77.26556,1978.24,19.25,80,1.99,55,light rain,1000,0
418,12,12.25667,243.35,33.19,51,4.18,98,overcast clouds,998,0
419,1.7,82.21333,21.42,24.9,32,0.48,83,broken clouds,1014,0
420,1.8,48.64333,209.43,30.92,24,1.1,0,clear sky,1010,0
421,2.75,75.83667,3.79,30.54,63,3.37,5,clear sky,1008,0
422,2.32,92.81,371.66,24.47,69,6,94,overcast clouds,1015,0
423,0.1,45.68222,641.79,24.8,32,4.53,0,clear sky,1014,0
424,1.9,15.52222,184.66,27.72,18,1.98,0,clear sky,1006,0
425,7.02,39.95889,211.95,19.85,68,3.2,56,broken clouds,1010,0
426,0.01,40.89444,281.97,33.05,36,0.78,32,light rain,1008,0
427,0.7,0.098889,289.57,20.94,44,7.81,0,clear sky,1009,0
