forest,sealevel,temp,humidity,wind,cloud,weather,pressure,class
89.99778,571.91,21.05,95,5.18,100,Rain,1007,1
8.557778,4824.79,8.35,86,0.65,100,Rain,1010,1
86.16333,87.45,30.12,75,1.62,14,Clouds,1006,1
92.05667,3.4,27.02,74,1.67,4,Clear,1009,1
64.75111,59.32,30.32,79,2.52,98,Clouds,995,1
91.78889,151.44,26.13,81,3.48,100,Rain,1005,1
87.27222,7.27,26.69,89,1.39,56,Clouds,1008,1
88.82222,59.25,26.83,92,1.55,100,Clouds,1001,1
93.71111,154.51,23.35,94,1.79,100,Rain,1002,1
87.99556,185.62,26.05,92,5.03,100,Clouds,1000,1
46.75556,699.66,22.76,87,5.35,100,Clouds,1008,1
80.31222,20.29,31.53,76,1.35,83,Rain,1000,1
91.42778,119.08,29.73,79,1.79,98,Rain,998,1
1.11,5554.87,-14.02,92,1.73,99,Snow,1008,1
59.31222,75.35,26.32,93,0.37,100,Rain,1002,1
68.05333,123.47,31.93,61,1.81,45,Clouds,999,1
72.70667,134.62,25.73,94,2.56,96,Rain,1002,1
92.59222,65.59,20.6,94,1.11,26,Clouds,1013,1
57.91,271.95,23.7,87,0.43,98,Rain,1012,1
69.894,25.64,26.24,93,0.46,92,Clouds,1009,1
82.95889,6.56,25.07,92,1.05,32,Clouds,1013,1
55.15778,82.42,31.2,74,0.34,100,Clouds,1000,1
89.35778,324.15,26.16,80,6.14,49,Clouds,998,1
93.27,659.35,24.55,94,0.95,100,Rain,1000,1
78.88667,139.11,30.47,80,0.8,85,Clouds,1000,1
90.96556,44.38,26.12,95,1.96,66,Clouds,1008,1
0.906667,608.34,34.81,35,4.63,81,Clouds,1006,1
92.92333,89.65,27.49,89,0.42,99,Clouds,1004,1
84.08222,15.29,27.9,90,1.11,100,Rain,1001,1
89.6845,453.22,14.02,89,1.05,21,Clouds,1012,1
93.07778,373.23,17.17,97,1.31,97,Clouds,1016,1
84.597,11.82,23.33,92,2.56,90,Rain,1011,1
86.44889,170.57,27.83,82,1.67,25,Clouds,1003,1
93.02,1010.95,27.22,78,1.19,98,Rain,1012,1
30.90444,289.66,24.36,83,5.12,99,Clouds,1010,1
77.91,23.57,27.43,72,2.92,99,Clouds,1007,1
4.451111,326.77,36.89,39,0.96,57,Clouds,1006,1
91.39778,2007.48,16.66,95,0.31,100,Rain,1006,1
81.34556,135.57,28.9,86,1.54,100,Rain,996,1
89.07556,762.3,21.9,87,1.14,43,Clouds,1010,1
88.33889,1151.55,17.64,98,0.05,100,Rain,1007,1
91.12,300.76,40.93,23,1.79,26,Clouds,1000,1
91.95,1587.08,22.47,85,0.81,75,Clouds,1003,1
91.85222,468.04,31.79,46,2.06,44,Clouds,1005,1
28.12667,80.41,26.24,86,2.1,20,Drizzle,1009,1
82.10222,74.25,35.07,48,3.76,97,Clouds,1002,1
94.08111,438.33,22.42,54,0.89,20,Clouds,1012,1
86.41889,68.79,25.68,94,0.22,100,Rain,1004,1
69.71111,2789.92,11.69,95,0.82,85,Rain,1010,1
87.13667,41.45,32.63,76,4.76,98,Clouds,998,1
83.79111,15.45,25.56,95,1.73,100,Rain,1011,1
97.61889,2765.99,14.73,97,0.3,100,Rain,1015,1
79.94333,118.11,26.06,93,2.64,99,Clouds,1006,1
97.00444,377.79,29.27,74,1.99,63,Clouds,1010,1
51.31,12,27.74,91,1.23,42,Clouds,1001,1
19.60333,256.84,34.67,44,5.16,100,Clouds,1001,1
86.85667,2119.54,18.31,95,1.23,100,Rain,1008,1
0,157.58,26.96,86,4.05,100,Clouds,1003,1
84.43667,110.17,26.83,90,1.85,100,Rain,1008,1
89.47556,73.56,28.34,81,1.76,74,Clouds,1002,1
89.73444,1674.21,22.88,53,0.5,20,Rain,1004,1
51.52444,768.84,23.15,91,5.38,100,Rain,1004,1
38.45556,340.62,24.35,78,5.56,100,Clouds,1003,1
87.68579,1.75,27.55,92,3.43,4,Clear,1008,1
1.295556,550.19,24.08,89,5.38,98,Clouds,1004,1
23.17556,188.01,33.67,38,4.13,39,Clouds,1003,1
88.35667,4.68,25.03,96,2.22,97,Clouds,1009,1
91.09111,126.87,16.88,99,1.23,68,Clouds,1016,1
28.04444,99.15,26.26,95,0.59,98,Rain,1004,1
31.29111,4248.99,9.92,74,0.71,18,Clouds,1015,1
98.65625,91.26,28.48,77,1.67,96,Clouds,1002,1
0,251.75,27.27,77,4.21,100,Clouds,1002,1
92.64111,128.86,28.64,88,1.29,99,Clouds,999,1
87.69542,199.67,38.11,36,3.97,63,Clouds,1001,1
88.60556,16.43,25.48,98,2.07,51,Clouds,1011,1
91.19,20.18,25.94,96,0.51,100,Rain,1004,1
1.787778,94.29,27.6,84,5.36,81,Clouds,1001,1
67.49222,-0.2,27.74,85,1.8,73,Clouds,1008,1
55.21778,222.72,28.54,86,1.53,95,Clouds,1005,1
32.52778,4149.66,5.82,91,1.67,100,Rain,1011,1
89.94,1646.56,20.23,86,0.81,15,Clouds,1010,1
86.46333,82.26,27.6,88,3.19,45,Clouds,1007,1
89.31778,65.69,27.83,94,2.38,98,Clouds,998,1
47.69,220.28,31.42,68,0.82,79,Clouds,999,1
17.87111,154.25,24.34,97,1.25,39,Clouds,1011,1
81.55778,103.03,23.16,91,2.08,74,Clouds,1013,1
22.03667,629.48,22.93,94,5.39,100,Rain,999,1
78.24333,7.44,27.2,86,2.99,100,Rain,1008,1
86.00778,13,33.13,76,5.38,68,Clouds,1000,1
43.58333,67.84,26.65,88,4.77,100,Clouds,1001,1
89.22,51.64,29.75,78,3.04,99,Rain,1001,1
91.97111,2254.64,14.84,96,0.64,100,Rain,1010,1
92.96222,3.56,25.84,90,3.93,100,Rain,999,1
93.88111,1885.09,17.8,94,1.14,100,Rain,1006,1
90.22667,60.2,27.2,29,4.53,5,Clear,1003,1
90.19222,138.82,32.03,75,1.61,38,Clouds,1000,1
78.45778,83.7,25.09,97,1.55,95,Rain,1005,1
79.61575,1.8,29.06,89,1.58,100,Rain,997,1
6.758889,320.63,27.12,82,1.28,93,Clouds,1005,1
25.28889,93.25,22.98,87,1.98,78,Clouds,1009,1
91.38333,52.6,20.84,99,3.17,100,Rain,1003,1
90.5975,71.97,25.46,92,1.23,68,Rain,1000,1
19.02889,141.73,31.05,65,3.95,100,Clouds,1001,1
18.99222,3975.7,-1.27,91,1.36,71,Clouds,1018,1
19.31111,267.33,32.45,65,1.37,100,Clouds,996,1
87.67222,71.99,29.17,80,2.88,26,Clouds,1006,1
92.71333,82.68,27.2,93,0.62,100,Rain,1004,1
91.98111,81.65,29.85,76,1.63,30,Clouds,1004,1
94.15889,35.11,28.28,88,2.23,84,Rain,1005,1
90.36222,530.7,28.73,77,2.34,66,Clouds,1009,1
98.7951,73.6,27.05,92,2.61,99,Rain,996,1
90.29111,45.05,32.59,47,2.86,11,Clouds,1005,1
91.50556,154.33,24.8,100,1.83,100,Rain,1002,1
75.9514,59.51,27.35,93,1.22,99,Rain,996,1
71.46889,47.46,29.04,85,5.6,64,Clouds,999,1
89.04889,1351.23,18.59,68,1.85,24,Clouds,1011,1
18.17111,598.94,30.74,57,1.73,25,Clouds,1005,1
83.38778,244.95,26.47,93,3.48,100,Rain,998,1
90.75778,1163.29,23.74,95,0.49,50,Rain,1006,1
96.47512,74.09,25.9,93,1.15,93,Rain,1008,1
89.61,233.7,35.31,26,1.5,96,Clouds,1003,1
61.61111,4333.4,16.12,72,0.71,28,Clouds,1010,1
85.85667,291.49,25.19,93,0.54,69,Clouds,1012,1
58.05444,4376.91,-14.76,59,1.59,96,Clouds,1027,1
80.85667,50.79,32.41,70,2.97,46,Rain,1006,1
83.16444,79.93,19.81,93,1.29,100,Rain,1011,1
52.29778,113.53,28.28,88,3.33,99,Clouds,1001,1
90.75111,87.12,27.44,95,1.48,100,Clouds,1005,1
93.24667,76.76,27.95,87,1.46,10,Clear,1006,1
58.05444,4376.91,-14.76,59,1.59,96,Clouds,1027,1
80.85667,50.79,32.41,70,2.97,46,Rain,1006,1
83.16444,79.93,19.81,93,1.29,100,Rain,1011,1
52.29778,113.53,28.28,88,3.33,99,Clouds,1001,1
90.75111,87.12,27.44,95,1.48,100,Clouds,1005,1
93.24667,76.76,27.95,87,1.46,10,Clear,1006,1
25.24889,52.35,28.52,87,4.41,97,Clouds,1000,1
93.83889,339.54,26.29,89,1.37,4,Clear,1009,1
95.82225,105.81,17.28,92,1.35,98,Rain,1010,1
86.48778,129.3,25.79,95,2.55,64,Clouds,1001,1
90.41889,15.42,27.62,93,1.98,100,Rain,1004,1
87.16556,30.5,24.24,59,2,0,Clear,1014,1
75.9584,-5.72,31.84,80,1.5,20,Clouds,1005,1
85.16222,49,24.43,96,3.74,20,Rain,1005,1
89.6974,92.75,30.29,83,1.2,99,Rain,997,1
7.435556,464.02,34.39,24,2.55,40,Clouds,1010,1
93.03333,742.92,23.89,92,0.95,94,Rain,1010,1
95.92778,290.59,25.07,94,1.3,100,Clouds,1003,1
94.02778,524.75,25.07,92,2.36,88,Rain,1010,1
97.52222,535.16,36.8,47,1.31,44,Clouds,1000,1
88.91778,212.91,32.56,68,1.65,0,Clear,1001,1
86.81667,11.29,25.65,89,2.96,100,Clouds,1005,1
80.61111,1954.28,11.57,76,1.6,5,Clear,1012,1
80.50444,45.18,26.61,81,2.28,100,Clouds,1009,1
1.014444,293.08,23.99,94,3.35,100,Clouds,1003,1
81.89667,299.29,31.04,42,4.94,52,Clouds,1003,1
91.13444,11.98,25.01,85,1.61,13,Rain,1004,1
88.69,137.04,24.72,92,1.12,74,Clouds,1007,1
84.42667,20.31,29.14,82,1.81,46,Clouds,1001,1
87.83333,161.25,25.75,97,4.13,87,Clouds,1002,1
93.45111,838.58,22.49,99,2.15,34,Clouds,1010,1
61.78,59.78,39.72,24,2.48,1,Clear,1001,1
92.43556,114.91,36.87,36,2.02,1,Clear,998,1
96.89111,476.82,23.3,94,1.65,100,Rain,1001,1
80.81667,9.2,35.36,47,3.28,70,Clouds,1003,1
96.6574,409.16,40.65,21,1.94,81,Clouds,1001,1
69.34667,110,26.39,70,1.32,5,Clear,1010,1
87.77889,57.64,31.38,61,1.94,100,Clouds,1003,1
91.44556,13.73,26.87,94,0.44,83,Clouds,1002,1
88.59444,79.67,29.17,76,1.91,52,Clouds,1006,1
89.76333,68.95,25.72,92,1.24,96,Rain,1002,1
74.40667,88.6,27.23,94,0.81,88,Clouds,1006,1
52.27556,511.51,22.44,95,1.35,100,Clouds,1012,1
92.32222,40.55,30.4,76,0.83,26,Clouds,1005,1
43.71222,112.61,27.65,86,0.62,100,Rain,1006,1
92.18889,2.21,27.99,94,3.2,32,Clouds,1006,1
90.54333,56.25,33.75,60,2.32,31,Clouds,1002,1
90.09778,71.34,31.93,76,1.8,100,Rain,998,1
94.54889,36.2,30.97,53,3.33,43,Clouds,1007,1
90.28444,250.05,24.16,96,1.88,100,Rain,1004,1
90.55333,48.64,27.25,97,3.7,98,Rain,1001,1
90.34556,118.09,27.4,91,2.04,100,Rain,1001,1
98.7462,157.16,28.11,78,1.27,47,Rain,1014,1
85.90111,174.27,34.37,43,1.85,55,Clouds,1005,1
93.06,141.51,24.47,68,1.06,1,Clear,1016,1
57.72222,89.85,32.11,62,2.72,29,Clouds,1006,1
93.68778,109.27,22.64,97,0.7,100,Rain,1007,1
60.44667,383.35,25.55,75,1.54,0,Clear,1010,1
96.44444,968.01,20.95,94,3.81,100,Rain,1011,1
97.56444,2076.8,20.55,97,0.64,100,Rain,1006,1
78.95222,484,24.7,74,1.46,13,Clouds,1005,1
91.5984,83.26,32.21,75,2.71,98,Clouds,1002,1
89.99777778,571.91,21.72,95,4.31,100,Clouds,1007,1
8.557777778,4824.79,3.14,100,0.48,100,Rain,1017,1
86.16333333,87.45,27.75,88,3.17,34,Clouds,1002,1
92.05666667,3.4,25.39,88,2.51,93,Clouds,1005,1
64.75111111,59.32,31.11,78,3.22,35,Clouds,998,1
91.78888889,151.44,26.16,74,3.85,91,Clouds,1003,1
87.27222222,7.27,26.59,92,2.12,64,Clouds,1010,1
97.68111111,1344.64,21.94,96,0.67,100,Rain,1002,1
90.96777778,71.95,27.51,91,3.58,100,Clouds,1002,1
88.91777778,212.91,27.32,86,1.78,2,Clear,1004,1
46.75555556,699.66,22.13,94,7.2,100,Rain,1005,1
80.31222222,20.29,25.9,94,1.04,100,Clouds,1004,1
91.42777778,119.08,27.13,93,1.23,59,Clouds,1004,1
1.11,5554.87,-11.74,87,0.89,100,Snow,1017,1
86.81666667,11.29,25.62,86,4.42,100,Rain,983,1
59.31222222,75.35,28.33,82,1.22,71,Clouds,1000,1
68.05333333,123.47,27.27,91,3.38,100,Rain,995,1
72.70666667,134.62,26.41,96,1.73,100,Rain,998,1
92.59222222,65.59,22.22,100,0.63,99,Rain,1010,1
57.91,271.95,21.26,99,0.78,99,Rain,1011,1
76.6542,25.64,23.95,96,1.44,99,Clouds,1004,1
82.95888889,6.56,27.58,90,4.68,100,Rain,1003,1
55.15777778,82.42,25.55,93,1.51,98,Rain,1001,1
89.35777778,324.15,27.48,81,3.91,100,Rain,997,1
93.27,659.35,22.89,88,3.91,100,Rain,999,1
78.88666667,139.11,29.81,96,1,98,Clouds,1000,1
83.32777778,203.34,27.28,89,2.23,93,Clouds,1006,1
90.96555556,44.38,26.3,95,0.7,94,Rain,1008,1
84.56666667,240.61,23.41,96,1.46,100,Rain,1015,1
0.906666667,608.34,24.79,87,5.64,40,Clouds,1007,1
92.92333333,89.65,26.23,95,2.01,93,Clouds,1004,1
84.08222222,15.29,26.18,93,4.04,100,Rain,994,1
81.5791,453.22,26.23,87,3.12,100,Clouds,1003,1
93.07777778,373.23,25.57,67,0.29,37,Clouds,1009,1
79.681645,11.82,24.06,95,1.38,100,Rain,1005,1
61.51888889,17.97,28.02,89,2.88,28,Clouds,1002,1
86.44888889,170.57,26.1,87,2.18,97,Clouds,1004,1
93.02,1010.95,19.93,98,2.03,100,Clouds,1009,1
30.90444444,289.66,23.02,96,3.83,100,Rain,1007,1
77.91,23.57,24.01,89,9.15,100,Rain,1007,1
4.451111111,326.77,26.38,80,3.72,99,Clouds,1001,1
91.39777778,2007.48,18.83,96,0.79,100,Rain,1010,1
81.34555556,135.57,26.82,97,1.09,50,Clouds,1001,1
89.07555556,762.3,20.47,97,0.62,100,Rain,1007,1
88.33888889,1151.55,17.81,91,0.74,90,Rain,1010,1
91.12,300.76,23.95,95,4.07,100,Rain,1003,1
91.95,1587.08,20.8,90,0.85,64,Clouds,1006,1
91.85222222,468.04,23.84,97,0.96,100,Rain,1002,1
28.12666667,80.41,23.83,97,1.01,100,Rain,1011,1
82.10222222,74.25,24.38,96,0.94,37,Clouds,1013,1
94.08111111,438.33,23.87,91,1.11,97,Clouds,1006,1
86.41888889,68.79,25.95,89,1.44,100,Rain,1003,1
16.71111111,255.07,27.24,89,1.37,19,Clouds,1000,1
69.71111111,2789.92,14.96,92,0.34,98,Rain,1010,1
87.13666667,41.45,26.14,94,4.51,100,Rain,1004,1
83.79111111,15.45,25.6,93,2.21,87,Rain,1007,1
97.61888889,2765.99,10.39,97,0.65,100,Rain,1012,1
79.94333333,118.11,28.66,85,3.94,99,Clouds,1001,1
97.00444444,377.79,23.68,95,1.49,100,Clouds,1009,1
51.31,12,25.25,77,0.76,78,Clouds,1006,1
19.60333333,256.84,25.99,97,2.46,100,Rain,996,1
86.85666667,2119.54,18.45,99,0.54,100,Rain,1009,1
84.43666667,110.17,23.15,97,1.49,84,Clouds,1010,1
89.47555556,73.56,26.91,89,1.46,99,Clouds,1000,1
89.73444444,1673.76,23.32,81,0.61,59,Clouds,1007,1
51.52444444,768.84,23.45,84,4.37,100,Clouds,1009,1
88.73333333,4.95,27.39,91,2.11,42,Clouds,1010,1
38.45555556,340.62,21.74,94,1.3,22,Clouds,1015,1
65.697245,1.75,31.36,68,5.66,73,Rain,999,1
1.295555556,550.19,23.86,92,5.41,100,Rain,1003,1
23.17555556,188.01,26.13,94,0.91,93,Clouds,1008,1
88.35666667,4.68,25.83,95,3.34,100,Clouds,1009,1
91.09111111,126.87,26.34,79,3.52,94,Clouds,1003,1
66.6544,91.26,25.57,98,2,100,Rain,1001,1
91.19,20.18,23.47,97,2.09,100,Rain,1005,1
67.49222222,-0.2,23.6,97,1.97,100,Rain,1010,1
89.31777778,65.69,26.76,95,1.37,90,Clouds,1005,1
81.55777778,103.03,23.55,95,5.18,100,Rain,1014,1
82.67889,124.81,25.96,89,1.21,99,Clouds,1002,1
73.29222222,2.86,27.57,91,2.18,100,Rain,1001,1
86.28777778,399.93,23.2,99,5.03,100,Rain,1003,1
60.91888889,35.96,27.63,91,3.16,100,Clouds,998,1
80.61111111,1954.28,20.8,97,0.81,100,Rain,1001,1
76.99666667,53.19,26.1,95,2.33,100,Rain,1007,1
80.19333333,35.12,25.43,92,3.21,100,Rain,1010,1
80.25555556,52.96,24.7,94,3.03,100,Rain,1007,1
95.37111111,204.79,24.51,97,3.74,100,Rain,999,1
1.014444444,293.08,25.42,91,3.32,100,Clouds,1004,1
81.89666667,299.29,26.43,83,1.71,100,Clouds,1006,1
96.18333333,55.16,26.37,95,1.95,90,Clouds,1000,1
88.16666667,137.7,23.98,93,1.2,99,Rain,1011,1
38.88666667,42.75,27.73,92,2.97,99,Rain,995,1
71.90333333,408.68,23.14,98,5.9,100,Rain,1006,1
90.42,17.75,24.59,98,5.63,100,Rain,1008,1
37.98444444,2720.47,0.68,96,0.54,74,Clouds,1014,1
88.44333333,30.36,26.8,91,7.08,100,Rain,999,1
91.13444444,11.98,26.44,84,5.81,100,Clouds,995,1
80.2167,395.33,24.97,95,6.82,100,Rain,996,1
84.96111111,2903.48,15.12,91,0.59,41,Clouds,1011,1
88.69,137.04,22.99,95,1.76,100,Rain,1007,1
85.57444444,113.7,25.48,91,3.33,100,Rain,1003,1
84.42666667,20.31,26.05,93,2.67,100,Rain,992,1
91.51555556,76.61,28.7,81,1.86,42,Clouds,1003,1
70.52444444,299.1,24.87,92,3.94,100,Rain,1000,1
87.83333333,161.25,24.45,95,7.59,100,Rain,1003,1
28.99222222,138.62,26.27,96,2.11,100,Clouds,1004,1
92.26333333,2.93,25.3,92,4.33,100,Rain,1009,1
93.45111111,838.58,23.54,96,1.58,100,Rain,1011,1
80.22111111,5.34,26.04,89,2.03,96,Clouds,1010,1
45.00222222,581.53,24.92,84,5.74,94,Clouds,1000,1
54.77555556,0,26.3,91,3.62,99,Rain,1008,1
91.47555556,90.98,25.34,94,0.75,100,Rain,1001,1
61.78,59.78,29.95,77,3.86,95,Clouds,1002,1
92.99444444,208.13,25.67,88,4.45,100,Rain,992,1
8.378888889,8.87,26,83,3.6,90,Rain,999,1
0,164.36,27.83,86,5.07,100,Clouds,998,1
61.03555556,629.56,23.24,92,6.71,100,Rain,1005,1
90.83666667,125.15,26.23,92,1.61,100,Rain,1005,1
92.43555556,114.91,26.86,93,0.42,100,Rain,1002,1
47.82111111,337.92,26.3,89,1.62,8,Clear,1007,1
96.89111111,476.82,23.81,96,1.18,100,Clouds,1005,1
80.81666667,9.2,25.2,90,1.65,100,Rain,1014,1
95.07777778,1765.59,12.16,85,2.88,100,Rain,1013,1
89.91666667,116.95,24.78,92,2.06,99,Rain,1000,1
68.9785,409.16,24.87,88,5.78,100,Rain,997,1
22.03666667,629.48,23.22,98,6.69,100,Rain,996,1
92.01555556,307.25,25.25,93,6.61,100,Rain,994,1
92.68452,-0.03,28.84,86,7.13,100,Rain,996,1
61.28444444,4.34,26.98,95,0,40,Haze,998,1
69.34666667,110,27.15,94,1.47,100,Rain,999,1
78.24333333,7.44,25.73,94,1.68,100,Rain,1009,1
86.00777778,13,27.79,93,1.58,69,Clouds,1003,1
43.58333333,67.84,27.09,93,5.43,100,Rain,997,1
80.42333333,330.7,27.91,95,0.46,100,Rain,997,1
87.77888889,57.64,26.31,90,1.02,92,Rain,1004,1
91.44555556,13.73,25.45,93,5.84,100,Rain,997,1
51.92777778,780.6,20.07,96,0,40,Clouds,1012,1
88.59444444,79.67,24.21,95,2.42,100,Rain,1010,1
42.95111111,85.2,25.01,94,0,75,Clouds,1008,1
94.05222222,593.96,24.79,92,0.63,48,Rain,1006,1
86.81666667,78.29,22.66,93,1.21,100,Rain,1004,1
89.22,51.64,26.4,95,3.4,100,Rain,1000,1
91.97111111,2254.64,12.91,97,0.85,100,Rain,1011,1
92.96222222,3.56,25.23,91,4.95,100,Rain,1001,1
74.40666667,88.6,26.32,95,0.65,100,Clouds,1003,1
36.77666667,139.48,24.87,94,1.14,98,Clouds,1005,1
94.66222222,199.61,25.43,94,1.71,100,Rain,1004,1
52.27555556,511.51,22.95,95,6.04,99,Rain,1009,1
93.88111111,1885.09,20.56,98,0.84,100,Rain,1003,1
90.22666667,60.2,28.11,90,1.17,100,Rain,998,1
90.19222222,138.82,26.37,94,0.73,100,Rain,1004,1
78.45777778,83.7,26.25,90,2.41,99,Rain,1006,1
84.65845,1.8,27.23,93,5.93,100,Rain,992,1
50.85,319.74,26.99,78,3.24,71,Clouds,1009,1
6.758888889,320.63,26.01,80,1.4,96,Clouds,1011,1
25.28888889,93.25,20.43,91,1.78,99,Rain,1005,1
91.38333333,52.6,22.16,98,3.42,100,Rain,1009,1
69.8751,71.97,23.14,92,2.43,100,Rain,1004,1
19.02888889,141.73,29.87,82,2.69,100,Clouds,1005,1
89.14333333,203.85,28.69,77,2.13,14,Clouds,1002,1
92.32222222,40.55,27.2,94,2.07,100,Rain,1000,1
18.99222222,3975.7,6.98,96,0.44,100,Rain,1016,1
19.31111111,267.33,26.22,95,2.33,100,Rain,1003,1
87.67222222,71.99,27.64,76,2.42,96,Clouds,1006,1
92.71333333,82.68,26.5,95,1.43,99,Rain,1004,1
91.98111111,81.65,26.54,92,3.73,99,Rain,1003,1
94.15888889,35.11,26.34,94,4,100,Clouds,1005,1
43.71222222,112.61,25.54,93,1.64,16,Clouds,1012,1
90.36222222,530.7,25.55,92,2.71,99,Clouds,1009,1
74.565,73.6,25.87,95,5.38,100,Rain,995,1
90.29111111,45.05,25.9,97,2.62,100,Rain,999,1
95.29777778,177.17,26.09,95,0,90,Haze,1000,1
91.50555556,154.33,27.49,98,1.05,100,Rain,998,1
92.18888889,2.21,27.07,96,3.23,100,Rain,1002,1
90.54333333,56.25,25.79,95,4.18,100,Rain,1005,1
90.09777778,71.34,27.65,89,3.09,98,Rain,1006,1
28.76333333,133.62,25.1,94,2.53,100,Rain,1005,1
94.54888889,36.2,25.85,96,2.76,100,Rain,1003,1
78.95751,59.51,24.89,92,2.39,88,Clouds,1000,1
71.46888889,47.46,29.89,74,4.27,100,Clouds,996,1
89.04888889,1351.23,22.35,95,0.37,100,Rain,1001,1
18.17111111,598.94,22.86,95,5.33,100,Rain,1002,1
83.38777778,244.95,25.67,90,3.21,83,Clouds,1005,1
90.75777778,1163.29,23.64,92,0.97,79,Rain,1003,1
79.68562,74.09,26.24,94,2.38,100,Rain,1005,1
89.61,233.7,23.46,88,1.52,42,Clouds,1010,1
61.61111111,4333.4,5.8,86,1.14,100,Rain,1012,1
90.28444444,250.05,27.54,90,2.11,99,Rain,1001,1
89.74444444,101.08,29.81,87,0.95,100,Clouds,998,1
97.26111111,320.31,25.9,86,2.94,98,Clouds,1006,1
94.54666667,274.48,25.61,88,1.47,61,Clouds,1009,1
92.32111111,814.95,24.73,96,1.05,100,Rain,1002,1
84.03888889,120.25,24.85,92,3.88,100,Rain,999,1
80.41666667,136.01,27.84,93,0.84,64,Clouds,1001,1
90.55444444,48.64,26.77,96,1.92,100,Rain,999,1
90.34555556,118.09,24.75,96,0.71,100,Rain,1005,1
92.52888889,87.87,23.37,91,1.57,39,Clouds,1007,1
21.69984,157.16,27.81,75,3.17,97,Clouds,1004,1
85.85666667,291.49,23.3,95,0.92,99,Clouds,1014,1
58.05444444,4376.91,-15.67,48,1.3,100,Clouds,1028,1
80.85666667,50.79,26.18,93,2.06,100,Clouds,1007,1
83.16444444,79.93,23.84,96,1.21,90,Rain,1006,1
52.29777778,113.53,27.64,87,6.05,100,Rain,994,1
90.75111111,87.12,30.6,85,3.19,100,Clouds,996,1
93.24666667,76.76,26.47,93,0.58,44,Clouds,1007,1
85.90111111,174.27,23.19,90,5.76,100,Rain,1005,1
93.06,141.51,21.71,93,1.16,61,Clouds,1010,1
88.62777778,85.73,28.34,94,0.98,99,Clouds,1004,1
43.12777778,630.92,22.72,100,4.96,100,Rain,998,1
21.93777778,264.19,25.28,96,4.35,100,Rain,1005,1
25.24888889,52.35,28.78,93,1.26,100,Clouds,999,1
93.83888889,339.54,25.64,93,0.84,100,Rain,1005,1
57.6525,105.81,25.53,93,0.93,95,Rain,1004,1
86.48777778,129.3,25.55,97,5.43,100,Rain,1003,1
90.41888889,15.42,26.76,95,1.45,99,Rain,1003,1
89.22888889,173.29,28.15,95,0.92,99,Clouds,1000,1
57.72222222,89.85,26.83,83,3.54,97,Clouds,1011,1
77.55888889,574.25,24.71,87,3.11,100,Rain,1006,1
93.68777778,109.27,25.27,88,1.62,100,Rain,995,1
85.67222222,1886.58,15.67,87,1.2,21,Clouds,1007,1
60.44666667,383.35,27.28,83,4.42,100,Rain,1006,1
84.85777778,516.41,25.35,83,2.49,100,Clouds,1007,1
96.44444444,968.01,20.54,98,2.64,100,Rain,1009,1
84.07111111,106.52,24.44,95,2.23,100,Clouds,1012,1
87.89888889,94.33,24.6,94,0.57,100,Rain,1003,1
90.75888889,90.14,26.56,96,1.09,100,Rain,1002,1
97.56444444,2076.8,20.46,93,1.01,90,Clouds,1007,1
78.95222222,484,20.03,93,1.6,97,Rain,1012,1
87.16555556,30.5,25.11,87,3.56,100,Rain,999,1
42.3265,-5.72,26.44,92,4.1,40,Thunderstorm,1005,1
85.16222222,49,28.69,83,3.22,94,Clouds,1006,1
42.6598,92.75,26.36,92,1.58,100,Rain,1000,1
7.435555556,464.02,23.78,90,3.97,99,Clouds,1005,1
93.03333333,742.92,23.26,96,1.04,100,Rain,1011,1
95.92777778,290.59,25.33,88,1.53,100,Clouds,1000,1
0,483.22,26.79,84,4.19,100,Rain,1006,1
94.02777778,524.75,24.14,99,0.71,99,Rain,1005,1
55.69754,83.26,21.27,88,0.81,100,Rain,1015,1
70.17111111,54.95,24.93,93,3.95,100,Clouds,1012,1
90.27333333,330.04,27.76,86,1.11,100,Clouds,1001,1
81.2365,98.41,24.24,92,0.77,65,Rain,1007,1
79.77555556,754.33,28.21,55,1.68,100,Clouds,1009,1
83.654265,147.4,25.52,91,1.24,95,Clouds,1005,1
93.07555556,141.54,29.05,91,0.71,96,Rain,999,1
92.30444444,494.71,25.26,94,2.72,35,Clouds,1001,1
96.56666667,377.86,25.59,94,1.01,98,Rain,1009,1
43.63333333,265.29,25.97,89,1.54,49,Clouds,1006,1
89.28333333,199.69,22.77,98,2.84,100,Rain,1011,1
95.09777778,1435.91,1.81,58,1.8,0,Clear,1018,1
84.74111111,674.86,25.26,90,3.61,100,Rain,1002,1
92.52777778,127.44,28.91,71,0.53,100,Clouds,1001,1
91.86222222,135.37,25.64,94,1.83,100,Rain,996,1
79.6987,91.91,25.78,95,1.2,100,Rain,1001,1
94.43444444,1826.14,22.11,95,0.76,100,Rain,1000,1
2.521111111,626.36,21.28,94,7.55,100,Rain,1009,1
90.49888889,39.56,27.78,92,1.03,99,Rain,1001,1
87.88666667,469.08,24.45,97,1.92,100,Rain,1002,1
63.19,2.02,27.71,92,5.15,100,Rain,1001,1
89.02555556,84.9,28.81,76,6.65,98,Rain,1006,1
87.49333333,24.2,27.19,94,1.2,100,Clouds,1010,1
42.44889,340.95,44.89,7,5.18,30,scattered clouds,1003,0
64.59,154.6,15.89,51,2.47,65,broken clouds,1013,0
59.83222,124.27,35.57,26,2.36,0,clear sky,1008,0
88.64222,89.92,15.54,57,1.92,0,clear sky,1017,0
63.84,276.73,32.97,49,6.46,0,clear sky,1010,0
58.16333,38.61,27.77,77,2.91,0,clear sky,1009,0
86.74,114.82,31.99,50,1.31,6,clear sky,1009,0
33.44667,404.06,20.91,54,1.16,99,overcast clouds,1006,0
28.77556,373,27.44,47,3.41,100,overcast clouds,1006,0
74.85889,75.22,29.05,77,4.94,92,light rain,997,0
25.56333,855.32,16.83,78,0.99,0,clear sky,1011,0
88.84444,12.31,28.33,79,9.88,12,few clouds,1004,0
40.46333,8.85,30.16,80,6.85,93,light rain,1005,0
32.52,285.83,20.48,25,2.98,0,clear sky,1015,0
25.6587,197.78,12.84,39,1.52,35,scattered clouds,1014,0
88.06667,495.78,23.72,17,5.45,0,clear sky,1010,0
17.91889,1312.69,16.41,82,0.45,75,broken clouds,1011,0
79.11889,296.87,23.71,35,0.94,37,scattered clouds,1008,0
14.58556,109.77,35.74,57,2.46,74,broken clouds,989,0
61.10333,639.58,26.88,70,6.24,59,light rain,1006,0
47.81556,156.44,22.73,59,2.78,70,broken clouds,1010,0
11.77556,668.25,22.24,88,5.01,100,light rain,1007,0
47.39222,681.91,25.23,18,1.69,0,clear sky,1013,0
1.735556,513.86,28.79,31,5.94,0,clear sky,1003,0
9.135556,6.75,27.09,87,7.72,96,light rain,996,0
63.17444,451.91,23.7,83,1.36,30,light rain,1009,0
83.33,37.68,21.37,82,4.11,80,broken clouds,1011,0
36.16778,86.27,31.42,40,6.8,0,clear sky,1004,0
55.58333,208,30.75,32,1.62,0,clear sky,1006,0
3.108889,214.97,38.41,35,1.91,16,few clouds,991,0
66.15889,237.31,38.12,14,6.35,98,overcast clouds,1002,0
34.24,472.64,30.14,29,1.93,55,broken clouds,1010,0
86.72333,28.25,30.02,82,2.42,86,moderate rain,1003,0
45.01222,223.65,20.33,50,5.2,51,light rain,1013,0
52.60444,100.63,19.54,60,2.01,0,clear sky,1014,0
41.99889,69.5,21.34,26,6.5,0,clear sky,1016,0
77.97667,89.71,16.05,78,0.32,0,clear sky,1010,0
85.91556,1206.24,19.69,41,3.09,34,light rain,1015,0
68.67444,142.94,34.39,36,0.91,41,scattered clouds,1006,0
78.64333,308,23.89,85,2.06,100,light rain,1005,0
51.57889,15.05,33.75,34,6.88,0,clear sky,1009,0
79.27111,91.98,20.1,87,2.41,67,light rain,1016,0
70.56222,323.6,19,26,2.49,0,clear sky,1015,0
96.86889,618.96,24.55,95,5.31,100,heavy intensity rain,1001,0
71.04111,496.4,23.48,93,5.31,100,light rain,1002,0
90.61889,119.76,23.78,91,1.3,100,moderate rain,1009,0
52.18667,588.78,27.24,34,3.74,0,clear sky,1011,0
3.678889,20.98,23,46,3.15,0,clear sky,1013,0
13.21556,555.85,24.5,35,2,12,few clouds,1014,0
66.49222,9.12,26.55,83,4.11,98,light rain,1011,0
79.98889,8.61,22.81,54,3.42,0,clear sky,1014,0
88.86444,1088.04,13.3,38,3.15,0,clear sky,1017,0
64.62333,297.7,27.58,24,2.11,0,clear sky,1007,0
90.08556,169.06,17.4,76,5.11,49,scattered clouds,1009,0
68.50667,237.81,41.84,27,3.66,77,broken clouds,994,0
57.04889,0.75,26.45,66,6,86,overcast clouds,1012,0
0.651111,236.9,28.3,73,5.89,95,light rain,1008,0
39.20111,321.13,23.49,43,2.93,69,broken clouds,1014,0
59.10444,487.97,26.29,77,5.34,0,clear sky,1008,0
0.04,236.9,31.18,59,2.87,0,clear sky,1002,0
1.737778,377.03,37.43,25,3.34,2,clear sky,1010,0
26.62556,1587.48,14,81,1.92,100,light rain,1015,0
42.15889,561.54,20.55,56,0.77,2,clear sky,1010,0
66.02556,182.3,26.81,37,3.27,0,clear sky,1009,0
85.76,258.28,19.28,41,4.22,0,clear sky,1013,0
67.36889,230.66,27.98,23,2.11,41,scattered clouds,1010,0
57.65889,11.33,20.25,61,3.76,0,clear sky,1013,0
58.72,774.2,27.9,47,1.59,94,overcast clouds,1001,0
96.95,506.45,25.26,42,2.42,13,few clouds,1008,0
0.625556,221.97,40.81,8,2.36,0,clear sky,992,0
84.12667,53.34,23.91,41,1.56,0,clear sky,1015,0
58.78556,152.93,31.72,21,2.58,13,few clouds,1008,0
79.84889,997.24,16.99,82,1.03,6,clear sky,1011,0
85.66556,107.81,31.63,74,1.68,82,light rain,1002,0
74.38667,125.32,31.88,46,0.18,0,clear sky,1004,0
67.16889,90.46,21.33,27,1.11,0,clear sky,1011,0
1.46,836.06,23.94,77,7.5,97,overcast clouds,1007,0
40.03667,33.91,24.01,75,1.34,59,broken clouds,1012,0
85.22778,24.91,21.04,86,0.77,91,light rain,1008,0
51.63111,280.85,26.88,23,3.04,0,clear sky,1006,0
55.25778,351.31,31.1,12,2.6,0,clear sky,1013,0
11.57,454.18,29.41,63,6.75,92,overcast clouds,1008,0
27.40444,214.26,26.22,85,5.65,100,light rain,1004,0
90.82556,216.36,37.36,40,4.23,45,scattered clouds,995,0
53.99,2.27,32.13,58,8.06,48,scattered clouds,1005,0
74.34333,171.68,17.38,58,1.92,0,clear sky,1016,0
65.95333,442.45,25.15,88,6.61,84,broken clouds,999,0
78.06111,231.92,21.15,66,1.8,0,clear sky,1006,0
76.11889,95,28.59,62,6.19,0,clear sky,1010,0
62.63333,219.54,35.98,46,3.67,79,broken clouds,1005,0
3.567778,289.75,20.51,32,2.18,0,clear sky,1013,0
71.66556,421.01,34.9,39,3.6,100,overcast clouds,1001,0
73.55222,69.4,21.82,94,2.33,87,overcast clouds,1011,0
39.40889,264.07,29.62,42,3.24,37,scattered clouds,1011,0
9.114444,345.87,23.57,80,2.96,34,scattered clouds,1011,0
46.09,306.38,23.22,42,3.22,70,broken clouds,1015,0
1.498889,94.42,27.54,58,2.36,99,overcast clouds,1009,0
91.02222,144.18,34.19,10,5.32,60,broken clouds,1008,0
96.40222,818.76,9.51,80,1.51,0,clear sky,1017,0
81.16556,817.1,27.45,26,5.26,17,few clouds,1010,0
58.86,448.88,23.49,56,6.56,0,clear sky,1013,0
13.14889,80.62,19.53,41,3.58,0,clear sky,1011,0
8.385556,492.02,20.49,90,1.36,27,scattered clouds,1011,0
88.14889,121.72,25.03,18,4.39,0,clear sky,1013,0
77.65667,1433.54,17.39,96,0.81,84,broken clouds,1006,0
56.30111,62.43,35.92,49,1.75,100,overcast clouds,993,0
55.94222,272.85,28.18,29,2.33,79,broken clouds,1011,0
20.14889,577.26,11.7,36,3.12,0,clear sky,1015,0
9.648889,721.97,25.32,68,8.46,100,overcast clouds,1007,0
26.23889,24.78,30.52,23,2.27,0,clear sky,1011,0
0.032222,291.66,31.36,12,1.79,3,clear sky,1012,0
64.59,319.74,16.02,46,1.57,0,clear sky,1015,0
90.09889,314.26,29.46,69,4.03,99,light rain,1005,0
50.45,331.11,33.43,44,2.32,0,clear sky,1002,0
62.10111,225.4,18.87,25,2.01,0,clear sky,1016,0
16.11667,229.45,20.35,49,1.59,90,overcast clouds,1010,0
68.80778,467.99,28.28,25,3.09,0,clear sky,1013,0
82.29444,107.51,22.76,41,3.89,49,scattered clouds,1015,0
90.75,15.66,33.42,54,7.52,62,broken clouds,1000,0
68.15,305.52,20.3,36,1.49,39,scattered clouds,1014,0
77.48111,423.78,36.47,8,2.34,79,broken clouds,1008,0
31.00111,550.43,28.66,20,3.06,0,clear sky,1011,0
0,526.54,26.59,76,5.09,100,moderate rain,1007,0
0.291111,235.65,33.69,41,6.82,0,clear sky,1004,0
71.22667,116.5,29.17,36,2.59,73,broken clouds,1011,0
41.54667,235.18,26.33,16,4.21,0,clear sky,1015,0
90.29667,80.94,18.06,32,1.65,0,clear sky,1015,0
62.78667,235.93,31.04,39,2.43,0,clear sky,1004,0
73.53556,8.26,42.91,17,0.94,0,clear sky,1012,0
36.17667,236.29,14.04,44,0.21,0,clear sky,1016,0
88.38889,449.9,24.63,28,1.25,0,clear sky,1008,0
19.25444,77.28,30.31,75,3.36,89,overcast clouds,998,0
74.67667,476.85,44.92,6,7.54,0,clear sky,999,0
51.77778,207.82,19.95,32,2.82,0,clear sky,1017,0
33.20889,355.3,23.65,82,0.75,100,light rain,1010,0
18.48667,261.22,23.23,52,4.43,0,clear sky,1010,0
2.317778,417.7,20.62,21,1.24,0,clear sky,1012,0
10.20778,234.32,29.25,72,7.56,100,moderate rain,1000,0
64.18,378.78,23.88,88,5.06,93,overcast clouds,1002,0
0.25,226.58,33.17,50,4.06,0,clear sky,1004,0
26.34,203.14,19.78,67,1.86,0,clear sky,1013,0
69.41222,435.46,26.07,56,3.73,6,clear sky,1006,0
91.41111,151.89,23.95,41,0.13,19,few clouds,1009,0
78.14333,1625.74,26.56,68,2.48,32,light rain,1002,0
44.37111,153.62,21.94,52,2.44,0,clear sky,1006,0
11.39333,178.11,31.02,65,4.6,13,light rain,995,0
92.24111,178.66,31.91,22,0.98,30,scattered clouds,1003,0
64.89,81.39,27.41,74,4.14,14,few clouds,1006,0
94.82556,443.13,33.91,24,1.52,2,clear sky,1009,0
27.37556,816.75,32.31,18,4.13,0,clear sky,1014,0
48.32556,286.23,27.42,69,0.53,87,overcast clouds,1004,0
96.40778,1662.83,22.19,87,0.66,55,light rain,1006,0
86.47667,15.89,30.63,70,2.43,100,light rain,1007,0
24.28,602.12,22.44,60,3.28,0,clear sky,1016,0
15.96333,4.65,39.93,29,5.63,8,clear sky,1006,0
36.22667,165.89,31.25,64,4.81,94,overcast clouds,998,0
50.47111,256.09,29.89,28,1.95,2,clear sky,1011,0
4.252222,918.3,22.49,77,9.59,100,light rain,1003,0
34.71222,574.04,23.35,86,6.75,99,light rain,1007,0
58.35778,701.86,21.61,87,7.88,100,light rain,1007,0
80.62556,181.65,9.72,61,1.09,0,clear sky,1021,0
90.24444,53.76,26.18,47,3.27,0,clear sky,1012,0
24.78778,295.24,28.27,38,1.52,0,clear sky,1010,0
56.42,273.97,25.34,91,7.19,100,heavy intensity rain,997,0
3.897778,2.32,30.63,44,4.08,0,clear sky,1013,0
4.356667,227.43,19.44,26,1.47,0,clear sky,1014,0
84.91556,216.86,38.86,11,1.39,8,clear sky,1005,0
53.14333,246.21,36.25,43,2.35,73,broken clouds,997,0
59.01889,178.92,45.02,6,7.36,47,scattered clouds,1000,0
32.5,242.96,23.72,22,1.36,65,broken clouds,1008,0
1.81,307.73,36.67,17,8.89,15,few clouds,1001,0
76.64111,551.14,15.56,92,1.22,32,scattered clouds,1012,0
4.683333,4.25,26.45,75,0.24,49,scattered clouds,1010,0
88.55111,359.07,28.43,68,1.38,97,overcast clouds,1004,0
11.68,572.29,25,81,6.08,100,overcast clouds,1005,0
22.60222,25.71,25.94,70,4.92,0,clear sky,1011,0
88.65556,22.26,26.6,35,0.93,0,clear sky,1011,0
85.46778,1598.02,11.59,48,0.94,44,scattered clouds,1012,0
51.49333,28.81,38.04,32,5.7,6,clear sky,1006,0
27.58111,246.63,24.65,33,1.56,0,clear sky,1016,0
86.71778,360.83,19.11,34,1.13,1,clear sky,1015,0
19.42444,125.77,19.74,83,1.42,20,few clouds,1011,0
29.02111,244.28,32.4,44,2.97,0,clear sky,1003,0
74.17889,36.31,33.88,47,6.11,100,overcast clouds,1005,0
93.29667,1625.31,11.35,84,1.34,0,clear sky,1009,0
90.37667,151.11,17.93,90,0.97,67,broken clouds,1015,0
69.81222,257.79,18.55,37,2.34,2,clear sky,1013,0
90.41556,224.38,24.41,19,2.95,0,clear sky,1016,0
34.25889,276.81,28.83,60,0.91,31,scattered clouds,1001,0
76.75444,661.3,34.25,16,3.67,50,scattered clouds,1007,0
69.82,142.02,27.5,51,2.96,0,clear sky,1004,0
34.73111,175.48,17.02,27,2.14,0,clear sky,1014,0
46.73,537.46,30.31,30,5.42,95,overcast clouds,1009,0
89.84556,286.55,31.42,20,1.29,0,clear sky,1010,0
56.63222,202.83,29.68,13,3.97,0,clear sky,1012,0
79.70222,299.63,20.08,30,2.33,33,scattered clouds,1013,0
5.172222,210.86,37.18,43,2.13,10,clear sky,996,0
77.76,190.85,27.59,85,5.76,98,light rain,1003,0
88.62889,94.53,14.65,43,2.33,0,clear sky,1016,0
72.01444,134.21,12.63,40,1.97,90,overcast clouds,1013,0
36.13333,219.18,23.11,52,0.7,0,clear sky,1015,0
70.34,406.7,32.37,54,1.73,97,overcast clouds,1003,0
81.20333,229.18,29.47,68,4.13,44,scattered clouds,1004,0
77.26556,1978.24,19.25,80,1.99,55,light rain,1000,0
12.25667,243.35,33.19,51,4.18,98,overcast clouds,998,0
82.21333,21.42,24.9,32,0.48,83,broken clouds,1014,0
48.64333,209.43,30.92,24,1.1,0,clear sky,1010,0
75.83667,3.79,30.54,63,3.37,5,clear sky,1008,0
92.81,371.66,24.47,69,6,94,overcast clouds,1015,0
45.68222,641.79,24.8,32,4.53,0,clear sky,1014,0
15.52222,184.66,27.72,18,1.98,0,clear sky,1006,0
39.95889,211.95,19.85,68,3.2,56,broken clouds,1010,0
40.89444,281.97,33.05,36,0.78,32,light rain,1008,0
0.098889,289.57,20.94,44,7.81,0,clear sky,1009,0
83.21444444,442.79,24.12,59,1.99,6,Clear,1009,0
75.53222222,675.11,20.85,93,0.73,90,Clouds,1010,0
27.4,129.65,33.41,71,2.52,96,Rain,1003,0
6.135555556,121.08,13.78,62,2.37,4,Clear,1020,0
3.398888889,70.84,27.05,82,1,75,Rain,1006,0
17.91888889,1312.69,19.08,88,1.5,20,Clouds,1016,0
31.25666667,121.67,11.77,80,0,0,Clear,1018,0
85.66777778,99.47,27.12,92,0.8,100,Rain,1006,0
90.37666667,151.11,27.95,93,1.51,57,Clouds,1008,0
42.44888889,340.95,34.04,36,1.5,1,Clear,1004,0
64.59,319.74,17.88,67,1.71,0,Clear,1019,0
34.52333333,937.35,26.81,58,2.97,22,Clouds,1012,0
12.25666667,243.35,12.17,82,1.64,0,Clear,1017,0
0.098888889,289.57,15.8,95,1,90,Fog,1017,0
20.85777778,80,29.59,63,0,32,Clouds,1009,0
76.41777778,46.21,28.05,85,2.22,88,Rain,1006,0
1.7,65.77,17.38,63,1.99,0,Clear,1012,0
89.38222222,745.98,15.66,65,0.19,1,Clear,1013,0
35.76333333,0,31.44,49,2.1,20,Clouds,1009,0
68.28111111,442.47,23.95,38,0.71,0,Clear,1016,0
38.68666667,5.66,27.1,83,0.92,95,Clouds,1009,0
0.032222222,293.08,26.08,56,1.31,1,Clear,1013,0
19.25444444,77.28,33.06,72,1.5,40,Haze,997,0
0.651111111,236.9,26.83,32,0,58,Haze,1006,0
87.98333333,73.59,29.33,88,3.4,100,Rain,1004,0
49.35888889,588.38,23.12,97,2.97,100,Rain,1008,0
17.76,492.33,35.5,42,1.74,43,Clouds,1009,0
90.24444444,53.76,30.11,83,1.81,19,Clouds,1011,0
89.12333333,981.72,8.28,54,0.6,12,Clouds,1016,0
86.71777778,360.83,26.71,71,1.34,100,Clouds,1000,0
9.114444444,345.87,25.24,85,4.22,100,Clouds,1008,0
55.94222222,272.85,22.59,68,1.5,97,Clouds,1011,0
1.81,307.73,23.01,94,3.6,75,Thunderstorm,1007,0
50.45,331.11,17.35,76,1.69,5,Clear,1013,0
24.01444444,894.17,15.88,92,1.8,0,Clear,1014,0
62.10111111,225.4,24.51,65,4.46,82,Clouds,1011,0
58.35777778,701.86,24.59,84,3.53,99,Clouds,1010,0
51.77777778,207.82,40.66,33,3.46,22,Clouds,1004,0
77.43444444,423.78,30.15,74,2.41,95,Clouds,1000,0
11.24444444,414.42,20.69,79,1.7,0,Clear,1013,0
73.10333333,217.65,29.5,36,0.76,0,Clear,1009,0
85.66555556,107.81,28.44,69,4.62,0,Clear,999,0
22.75444444,230.56,26.11,70,1.99,51,Clouds,1011,0
28.85222222,176.8,9.71,93,0.86,0,Clear,1020,0
72.55777778,324.07,25.76,66,2.05,26,Clouds,1013,0
74.65333333,490.36,35.6,30,3.76,36,Rain,1008,0
77.24444444,258.85,32.42,68,1.97,49,Rain,1002,0
59.01888889,178.92,30.29,86,1.05,95,Clouds,1000,0
63.00111111,6.96,34.83,62,1,20,Clouds,1007,0
80.26222222,657.03,30.75,65,1,54,Clouds,1001,0
89.84444444,286.55,30.25,38,2.32,37,Clouds,1006,0
59.83222222,124.27,27.44,67,1.68,0,Clear,1012,0
88.48666667,278.01,20.26,79,1.84,46,Clouds,1015,0
69.00111111,212.66,9.81,86,2.42,0,Clear,1018,0
27.58111111,246.63,20.07,79,1.36,93,Clouds,1013,0
52.18666667,99.8,10.42,90,2.01,0,Clear,1018,0
90.61888889,119.76,24.63,91,0.71,14,Clouds,1009,0
76.64111111,551.14,26.44,78,3.27,36,Clouds,1008,0
56.78111111,1,28.69,57,2.18,0,Clear,1014,0
17.70222222,352.51,15.57,63,1.5,5,Clear,1012,0
74.34666667,171.68,21.06,71,2.54,0,Clear,1016,0
46.09,306.38,27.59,68,1.14,35,Clouds,1011,0
15.84777778,439.05,25.11,58,1.91,0,Clear,1009,0
47.39222222,681.91,20.55,55,2.89,18,Clouds,1018,0
54.19111111,560.46,20.35,74,1,1,Clear,1017,0
22.60222222,25.71,27.4,91,3.63,100,Rain,998,0
37.67666667,148.22,27.87,73,1.43,94,Clouds,1006,0
33.37333333,295.18,19.07,85,1.38,30,Clouds,1012,0
58.47555556,458.02,29.6,42,1.79,0,Clear,1011,0
87.76666667,136.17,29.16,68,0.56,67,Clouds,1008,0
15.91333333,233.28,6.75,94,0.6,0,Clear,1016,0
3.678888889,20.98,31.68,70,3.73,3,Clear,1006,0
86.47666667,15.89,28.46,93,1.92,98,Clouds,999,0
15.29888889,235.91,28.95,79,1,20,Clouds,997,0
92.81,371.66,30.18,67,2.96,77,Clouds,1008,0
79.55555556,60.06,34.82,66,2.21,75,Clouds,1002,0
42.15888889,561.54,25.89,87,1.53,87,Clouds,1011,0
75.36555556,81.35,17.26,84,2.56,28,Clouds,1014,0
31.49,235.74,38.23,30,2.76,27,Clouds,1003,0
78.97666667,91.81,17.99,83,1.37,1,Clear,1013,0
90.20444444,47.05,19.19,83,0.93,0,Clear,1018,0
68.80777778,467.99,27.03,88,2.45,84,Rain,1007,0
69.41222222,435.46,25.73,96,3.31,100,Clouds,1004,0
84.91555556,216.86,30.09,77,1.47,100,Rain,1008,0
91.06,277.45,33.02,62,4.3,100,Clouds,1000,0
32.32666667,223.61,29.71,70,2.93,0,Clear,1008,0
80.93666667,181.65,19.45,83,2.55,19,Clouds,1012,0
26.45333333,811.54,24.99,42,4.25,62,Clouds,1017,0
88.71444444,769.27,22.18,83,1.31,0,Clear,1003,0
84.99111111,1168.53,20.65,84,1.63,17,Clouds,1003,0
68.50666667,237.81,15.81,70,2.48,0,Clear,1017,0
54.33,5.87,31.21,76,0,40,Clouds,1003,0
43.51,183.89,25.13,93,3.89,100,Rain,1003,0
48.14444444,100.84,32.23,70,3.43,99,Clouds,998,0
55.62555556,147.89,8.64,97,1,100,Fog,1019,0
23.28222222,655.81,24.71,91,2.36,68,Clouds,1011,0
44.37111111,153.62,24.51,58,1.36,0,Clear,1017,0
74.38666667,125.32,29.39,75,0,90,Rain,1003,0
79.70222222,299.63,28.41,84,0,90,Rain,997,0
25.75222222,291.23,31.64,64,1,40,Rain,998,0
49.92777778,452.74,30.53,65,4.44,100,Clouds,1007,0
1.735555556,513.86,14.64,23,1,0,Haze,1020,0
0.102222222,294.25,28.31,83,3.05,70,Rain,1007,0
36.646,289.06,36.28,39,4.83,41,Clouds,1007,0
36.22666667,165.89,22.03,66,2.19,48,Clouds,1011,0
47.93333333,218.73,16.46,85,0,0,Haze,1018,0
21.35111111,6.32,27.79,71,0,40,Clouds,1011,0
77.76,190.85,32.28,75,4.19,22,Clouds,997,0
24.28,602.12,26.31,85,3.53,98,Clouds,1010,0
62.78666667,235.93,14.04,74,1.98,0,Clear,1014,0
64.29888889,638.68,33.9,49,2.48,20,Clouds,1013,0
0.291111111,235.65,5.85,80,1.2,0,Clear,1021,0
84.49111111,38.22,29.32,47,1.17,82,Clouds,1012,0
10.68,211.74,10.04,82,1,0,Fog,1021,0
74.55,260.97,32.73,57,4.25,21,Clouds,1002,0
81.25111111,11.02,26.81,70,7.49,87,Clouds,1012,0
63.17444444,451.91,24.81,83,3.26,99,Clouds,1009,0
72.01444444,134.21,22.3,63,5.82,0,Clear,1011,0
45.91555556,252.41,28.57,76,2.78,100,Clouds,1003,0
69.81222222,257.79,26.08,92,1.38,96,Clouds,1001,0
6.047777778,134.18,29.43,10,3.1,20,Clouds,987,0
86.92444444,46.64,21.42,54,1.51,0,Clear,1015,0
53.99,2.27,29.43,81,1.5,20,Clouds,1009,0
52.63888889,207.76,28.06,72,3.88,64,Clouds,1013,0
20.96777778,45.38,22.6,54,2.51,0,Clear,1015,0
52.43666667,260.82,29.01,70,0.25,94,Clouds,1010,0
78.06111111,231.92,31.01,65,2.06,0,Clear,1004,0
41.74444444,718.21,20.89,94,1.88,100,Rain,1010,0
63.81777778,70.3,16.22,94,1.78,2,Clear,1016,0
13.21555556,555.85,29.6,24,0.5,0,Clear,1013,0
88.84444444,12.31,27.54,93,2.98,97,Clouds,1005,0
64.89,81.39,28.42,41,2.19,0,Clear,1009,0
73.53555556,8.26,28.35,84,1.67,32,Clouds,1011,0
40.89444444,281.97,23.95,83,0,20,Clouds,1008,0
18.48666667,261.22,40.29,21,1.55,6,Clear,1010,0
57.04888889,0.75,31.45,67,3.1,85,Clouds,1005,0
57.20111111,31.66,28.41,96,0.94,92,Rain,1003,0
54.88444444,257.86,29.37,95,1.9,78,Clouds,1000,0
15.52222222,184.66,32.19,66,2.1,40,Haze,999,0
86.72333333,28.25,31.14,77,0.83,96,Rain,1008,0
88.06666667,495.78,23.63,63,2.52,32,Clouds,1013,0
71.66555556,421.01,33.57,48,1.59,21,Clouds,1009,0
81.82888889,448.31,19.8,77,1.53,4,Clear,1014,0
0.25,226.58,30.63,74,4.6,0,Clear,994,0
33.94,397.38,24.12,93,1.72,85,Clouds,1007,0
78.10444444,73.02,32.38,70,2.5,61,Clouds,1001,0
14.87888889,467.98,17.61,67,3.08,65,Clouds,1012,0
11.28,50.2,25.34,88,1,40,Rain,1005,0
51.49333333,28.81,31.72,56,2.78,35,Clouds,1010,0
0.058888889,430.03,6.61,78,0,0,Clear,1021,0
14.41777778,413.87,22.86,73,0,40,Mist,1012,0
77.46888889,170.25,13.24,89,2.24,0,Clear,1019,0
45.68222222,641.79,25.91,82,5.66,35,Clouds,1002,0
66.15888889,237.31,37.04,47,2.94,3,Clear,1003,0
86.09,364.8,9.27,92,2.09,100,Rain,1020,0
42.69222222,277.43,29.33,40,3.19,30,Clouds,1002,0
88.61888889,359.07,27.54,87,1.34,100,Clouds,1003,0
71.71888889,322.74,20.46,90,2.29,21,Clouds,1014,0
36.17666667,236.29,34.17,63,3.6,92,Clouds,998,0
4.252222222,918.3,25.04,66,2.1,40,Rain,977,0
19.87111111,279.58,26.7,90,2.94,100,Rain,1002,0
3.436666667,496.43,26.01,76,2.1,90,Haze,1001,0
72.13555556,136,18.53,90,2.16,100,Clouds,1015,0
64.62333333,297.7,14.77,91,0.98,0,Clear,1017,0
0.07,612.97,24.55,86,3.73,100,Clouds,1010,0
85.91555556,1206.24,21.68,72,1.76,50,Rain,1007,0
74.67666667,476.85,12.39,65,1,0,Clear,1019,0
96.47444444,1347.02,24.25,77,0.84,75,Rain,1011,0
8.385555556,492.02,35.73,41,1.7,73,Clouds,1008,0
72.78444444,81.72,26.98,92,4.4,100,Rain,1002,0
59.10444444,487.97,33.01,50,2.1,20,Rain,998,0
5.172222222,210.86,26.77,75,1.85,5,Clear,1006,0
31.00111111,550.43,29.08,74,0,40,Haze,1003,0
78.64333333,308,25.31,66,0,84,Clouds,1017,0
85.34555556,273.31,28.44,87,0.91,100,Clouds,1006,0
85.47444444,1598.02,8.66,38,0.52,90,Clouds,1013,0
44.61777778,3.72,26.88,72,3.38,83,Clouds,1011,0
48.10111111,259.98,29.91,74,4.48,40,Clouds,1012,0
8.835555556,200.81,24.89,64,1.92,0,Clear,1009,0
26.64888889,1587.79,23.62,36,0.5,62,Clouds,1005,0
68.15,305.52,25.88,78,0.9,65,Clouds,1007,0
2.122222222,164.08,28.22,38,2.4,39,Clouds,1009,0
77.65666667,1433.54,17,60,1,95,Clouds,1014,0
13.99555556,94.68,29.98,64,2.19,97,Clouds,1001,0
70.34,406.7,26.57,94,3.02,91,Rain,1001,0
82.21333333,21.42,25.41,92,1.92,1,Clear,1009,0
43.05444444,193.41,22.91,94,0.88,84,Rain,1011,0
38.03444444,280.11,37,32,2.6,20,Clouds,1000,0
26.34,203.14,30.72,80,1.65,100,Clouds,1007,0
39.40888889,264.07,30.65,77,2.16,99,Rain,1004,0
58.78555556,152.93,39.18,26,3.76,0,Clear,998,0
86.54888889,1291,20.11,59,1.87,0,Clear,1014,0
9.648888889,721.97,23.03,87,4.6,20,Clouds,1008,0
28.77555556,373,41.57,27,2.59,83,Clouds,1001,0
67.16888889,90.46,21.99,64,3.03,0,Clear,1012,0
11.57,454.18,29.37,37,1,20,Clouds,1009,0
35.80333333,314.89,38.79,23,3.39,0,Clear,1009,0
82.28222222,215.94,34.84,64,3.21,42,Clouds,1004,0
80.36888889,32.86,24.81,95,1.06,97,Clouds,1011,0
96.40777778,1662.83,25.17,83,0.74,100,Clouds,1006,0
69.82,142.02,30.94,84,1.91,82,Rain,1000,0
68.27555556,546.32,29.57,29,4.21,4,Clear,1008,0
85.88444444,17.36,28.99,42,1.5,13,Clouds,1015,0
60.47,25.9,23.01,46,0,20,Clouds,1018,0
55.25777778,351.31,10.37,88,1.85,15,Clouds,1020,0
37.92,11.96,25.97,89,2.18,100,Rain,1010,0
90.08555556,169.06,31.8,42,1.16,0,Clear,1010,0
0,526.54,26.37,77,8.53,100,Clouds,1007,0
13.61777778,215.17,28.32,51,0.23,0,Clear,1014,0
52.19888889,248.86,22.79,72,1.5,0,Clear,1012,0
73.33777778,147.85,17.04,82,2.46,100,Clouds,1017,0
63.84,276.73,29.93,60,0,40,Clouds,1006,0
63.56777778,5.64,27.42,62,1.5,20,Clouds,1011,0
29.02111111,244.28,26.17,92,0,40,Haze,998,0
84.12666667,53.34,26.72,94,0.76,98,Clouds,1001,0
82.50111111,108.18,33.19,74,1.42,68,Rain,996,0
7.303333333,11.5,20.79,69,0,34,Clouds,1012,0
67.96222222,546.27,28.19,53,0.5,0,Clear,1013,0
47.81555556,156.44,20.31,72,1.93,0,Clear,1013,0
51.56444444,33.11,21.74,68,1.14,2,Clear,1019,0
45.76,542.07,29.82,64,5.4,3,Clear,1010,0
13.66555556,273.58,21.35,43,1.45,75,Clouds,1019,0
51.57888889,15.05,25.97,88,2.13,17,Clouds,1011,0
1.454444444,248.26,25.77,65,2.72,0,Clear,1006,0
38.99555556,205.08,30.36,61,2.37,0,Clear,996,0
88.65555556,22.26,27.63,94,0.36,98,Rain,1003,0
55.58333333,208,17.53,80,0.76,0,Clear,1008,0
58.15444444,38.61,26.42,95,3.24,100,Rain,1002,0
3.897777778,2.32,32.18,49,6.2,0,Clear,1013,0
42.25111111,573.52,29.29,62,4.92,86,Clouds,1008,0
78.14333333,1625.74,23.56,94,0.29,98,Rain,1003,0
60.76555556,215.03,27.21,85,1.45,28,Clouds,1008,0
19.42444444,125.77,26.37,74,1,20,Clouds,1009,0
0.04,236.9,37.16,23,4.26,0,Clear,1005,0
50.47111111,256.09,36.45,45,2.55,68,Clouds,1006,0
64.18,378.78,26.01,82,1,20,Clouds,1001,0
35.10333333,1022.27,20.21,73,2.1,40,Clouds,945,0
45.49,377.63,32.01,30,2.31,9,Clear,1008,0
58.72,774.2,18.37,56,0.68,0,Clear,1017,0
86.59888889,1949.82,13.55,93,1.2,96,Rain,1012,0
74.17888889,36.31,29.68,59,4.9,91,Clouds,1011,0
66.02555556,182.3,6.13,88,2.55,0,Clear,1020,0
26.26,311.18,31.96,47,2.68,65,Clouds,1003,0
81.20333333,229.18,9.98,87,2.22,38,Clouds,1019,0
84.87111111,18.73,22.31,69,1.78,0,Clear,1010,0
85.44,1582.07,14.99,92,0.81,79,Rain,1013,0
41.99888889,69.5,21.93,81,3.34,27,Rain,1013,0
77.97666667,89.71,29.52,88,2.04,96,Rain,997,0
0.625555556,221.97,34.06,73,1.04,47,Rain,996,0
16.47222222,214.79,27.97,74,2.6,20,Haze,1003,0
82.81444444,269.16,19.01,84,0,40,Clouds,1012,0
34.71222222,574.04,26.62,88,3.4,100,Clouds,1010,0
68.67444444,142.94,30.36,43,2.77,0,Clear,1001,0
22.61111111,585.61,23.09,94,1,40,Rain,1005,0
74.85888889,75.22,33.15,71,2.98,61,Clouds,1004,0
66.12222222,310.92,18.12,81,1.48,31,Clouds,1013,0
29.74333333,175.62,35.88,59,2.93,29,Clouds,1002,0
73.55222222,69.4,22.97,94,1.65,34,Clouds,1013,0
56.84,199.63,12.6,83,2.07,0,Clear,1013,0
48.12666667,196.25,25.01,40,1.58,0,Clear,1013,0
79.98888889,8.61,30.38,82,1.36,64,Clouds,1003,0
44.70555556,105.27,25.91,76,1.02,82,Rain,1008,0
1.46,836.06,22.41,89,4.54,100,Clouds,1009,0
91.8,877.68,18.83,60,1.21,17,Clouds,1016,0
71.22666667,116.5,18.92,75,2.14,0,Clear,1013,0
90.82555556,216.36,26.14,46,1.96,0,Clear,1015,0
68.73333333,212.51,11.72,90,1.92,47,Clouds,1017,0
82.23222222,512.05,21.01,73,1.89,29,Clouds,1012,0
1.561111111,53.67,17.63,72,1,20,Haze,1018,0
57.65888889,11.33,22.7,74,1.55,2,Clear,1013,0
14.28555556,4.91,24.95,88,0,40,Mist,1019,0
6.917777778,10.09,25.95,44,2.1,0,Smoke,1014,0
0,274.41,27.5,33,2,18,Clouds,1014,0
14.69111111,499.55,21.13,64,3.09,20,Haze,1014,0
0,327.63,13.43,63,2.62,0,Clear,1017,0
4.356666667,227.43,12.75,100,0,90,Fog,1017,0
48.64333333,209.43,33.82,36,0.5,20,Clouds,1009,0
2.254444444,420.6,26.34,50,1.55,0,Clear,1014,0
90.11777778,56.86,24.55,59,1.36,0,Clear,1016,0
61.43111111,133.55,27.29,92,1.37,98,Clouds,1000,0
34.99111111,175.81,9.01,83,0,0,Mist,1019,0
55.98888889,304.49,24.8,41,2.28,0,Clear,1020,0
76.59444444,605.55,27.37,62,3.4,43,Rain,1018,0
19.10222222,747.58,20.55,78,4.27,1,Clear,1019,0
51.85777778,778.75,21.01,98,3.9,100,Rain,1009,0
3.567777778,289.75,27.21,87,5.88,88,Clouds,1004,0
11.77555556,668.25,30.68,58,0,40,Clouds,1002,0
77.26555556,1978.24,11.09,47,0,20,Drizzle,1039,0
85.51666667,15.41,26.7,90,0.79,7,Clear,1011,0
42.90777778,169.08,23.72,85,1.33,41,Clouds,1016,0
33.20888889,355.3,26.88,71,2.4,68,Clouds,1010,0
45.93111111,289.8,28.59,33,1,20,Clouds,1012,0
72.40777778,667.76,24.23,86,3.24,100,Clouds,1009,0
26.23888889,24.78,30.99,53,2.98,6,Clear,1010,0
69.38444444,222.25,28.56,73,1.82,68,Clouds,1006,0
14.55222222,13.61,25,92,2.83,0,Clear,1012,0
34.25888889,276.81,27.92,50,2.99,0,Clear,1007,0
21.07888889,342.39,12.65,71,1.28,71,Clouds,1016,0
86.74,114.82,25.14,58,1,1,Clear,1011,0
15.96333333,4.65,32.39,70,1.5,20,Clouds,1007,0
38.02111111,217.07,18.23,57,0.98,88,Clouds,1015,0
56.30111111,62.43,18.51,94,1.7,21,Clouds,1017,0
21.05888889,592.61,22.96,53,2.52,1,Clear,1017,0
71.74333333,251.5,33.79,52,3.59,24,Clouds,1007,0
90.23555556,1342.92,17,84,1.4,49,Clouds,1013,0
11.67444444,572.29,20.04,37,1.5,1,Haze,1017,0
35.01444444,15.28,27.21,92,0,20,Rain,1006,0
36.22333333,318.83,28.57,81,0,40,Thunderstorm,999,0
37.65888889,286.22,24.35,31,1.78,0,Clear,1020,0
57.15,442.84,38.43,28,1.04,20,Clouds,1008,0
51.63111111,280.85,29.51,74,1.36,100,Clouds,1003,0
9.135555556,6.75,29.58,91,1.5,20,Clouds,1002,0
93.34444444,1541.77,20.98,62,1.88,68,Clouds,1013,0
10.20777778,234.32,41.59,21,4.81,0,Clear,1003,0
62.34111111,317.4,27.58,88,0.35,95,Clouds,1003,0
73.58444444,195.87,12.5,95,1.81,79,Clouds,1017,0
36.90444444,322.54,31.52,27,1.89,82,Clouds,1010,0
9.655555556,746.52,25.18,73,2.24,21,Clouds,1012,0
45.01222222,223.65,20.93,70,2.19,10,Clear,1012,0
0.105555556,217.81,39.41,27,4.07,53,Clouds,1005,0
71.43111111,117.15,12.41,91,1.71,0,Clear,1016,0
34.24,472.64,39.64,23,1,13,Clouds,1005,0
75.83555556,3.79,25.06,92,1.26,29,Clouds,1009,0
64.12,16.28,27.15,86,4.08,33,Clouds,1005,0
67.36888889,230.66,30.61,84,2.78,69,Rain,1001,0
4.683333333,4.25,26.99,78,0.5,20,Mist,1009,0
17.73666667,246.54,35.55,32,2.26,17,Clouds,1008,0
62.74222222,106,24.87,80,1.84,43,Clouds,1018,0