temp,humidity,wind,cloud,weather,pressure,sea level,forest,river,class
21.72,95,4.31,100,Clouds,1007,571.91,89.99777778,20.344,1
3.14,100,0.48,100,Rain,1017,4824.79,8.557777778,2.533,1
27.75,88,3.17,34,Clouds,1002,87.45,86.16333333,2.697,1
25.39,88,2.51,93,Clouds,1005,3.4,92.05666667,2.109,1
31.11,78,3.22,35,Clouds,998,59.32,64.75111111,1.768,1
26.16,74,3.85,91,Clouds,1003,151.44,91.78888889,21.621,1
26.59,92,2.12,64,Clouds,1010,7.27,87.27222222,3.795,1
21.94,96,0.67,100,Rain,1002,1344.64,97.68111111,2.385,1
27.51,91,3.58,100,Clouds,1002,71.95,90.96777778,2.908,1
27.32,86,1.78,2,Clear,1004,212.91,88.91777778,4.025,1
22.13,94,7.2,100,Rain,1005,699.66,46.75555556,14.573,1
25.9,94,1.04,100,Clouds,1004,20.29,80.31222222,2.165,1
27.13,93,1.23,59,Clouds,1004,119.08,91.42777778,0.697,1
-11.74,87,0.89,100,Snow,1017,5554.87,1.11,4.814,1
25.62,86,4.42,100,Rain,983,11.29,86.81666667,4.628,1
28.33,82,1.22,71,Clouds,1000,75.35,59.31222222,10.859,1
27.27,91,3.38,100,Rain,995,123.47,68.05333333,1.129,1
26.41,96,1.73,100,Rain,998,134.62,72.70666667,3.784,1
25,95,3.71,100,Rain,1001,153.1,0,6.713,1
22.22,100,0.63,99,Rain,1010,65.59,92.59222222,2.217,1
21.26,99,0.78,99,Rain,1011,271.95,57.91,19.593,1
23.95,96,1.44,99,Clouds,1004,25.64,76.6542,5.426,1
27.58,90,4.68,100,Rain,1003,6.56,82.95888889,3.151,1
25.55,93,1.51,98,Rain,1001,82.42,55.15777778,2.107,1
27.48,81,3.91,100,Rain,997,324.15,89.35777778,2.116,1
22.89,88,3.91,100,Rain,999,659.35,93.27,20.133,1
29.81,96,1,98,Clouds,1000,139.11,78.88666667,6.001,1
27.28,89,2.23,93,Clouds,1006,203.34,83.32777778,2.179,1
26.3,95,0.7,94,Rain,1008,44.38,90.96555556,2.621,1
23.41,96,1.46,100,Rain,1015,240.61,84.56666667,4.344,1
24.79,87,5.64,40,Clouds,1007,608.34,0.906666667,7.841,1
26.23,95,2.01,93,Clouds,1004,89.65,92.92333333,2.212,1
26.18,93,4.04,100,Rain,994,15.29,84.08222222,1.331,1
26.23,87,3.12,100,Clouds,1003,453.22,81.5791,2.172,1
25.57,67,0.29,37,Clouds,1009,373.23,93.07777778,5.465,1
24.06,95,1.38,100,Rain,1005,11.82,79.681645,22.435,1
28.02,89,2.88,28,Clouds,1002,17.97,61.51888889,2.962,1
26.1,87,2.18,97,Clouds,1004,170.57,86.44888889,4.867,1
19.93,98,2.03,100,Clouds,1009,1010.95,93.02,6.27,1
23.02,96,3.83,100,Rain,1007,289.66,30.90444444,2.173,1
24.01,89,9.15,100,Rain,1007,23.57,77.91,13.613,1
26.38,80,3.72,99,Clouds,1001,326.77,4.451111111,5.907,1
18.83,96,0.79,100,Rain,1010,2007.48,91.39777778,5.081,1
26.82,97,1.09,50,Clouds,1001,135.57,81.34555556,2.132,1
20.47,97,0.62,100,Rain,1007,762.3,89.07555556,2.552,1
17.81,91,0.74,90,Rain,1010,1151.55,88.33888889,11.401,1
23.95,95,4.07,100,Rain,1003,300.76,91.12,5.8,1
20.8,90,0.85,64,Clouds,1006,1587.08,91.95,2.012,1
23.84,97,0.96,100,Rain,1002,468.04,91.85222222,1.527,1
23.83,97,1.01,100,Rain,1011,80.41,28.12666667,3.569,1
24.38,96,0.94,37,Clouds,1013,74.25,82.10222222,24.253,1
23.87,91,1.11,97,Clouds,1006,438.33,94.08111111,2.212,1
25.95,89,1.44,100,Rain,1003,68.79,86.41888889,2.37,1
27.24,89,1.37,19,Clouds,1000,255.07,16.71111111,2.767,1
14.96,92,0.34,98,Rain,1010,2789.92,69.71111111,2.188,1
26.14,94,4.51,100,Rain,1004,41.45,87.13666667,15.662,1
25.6,93,2.21,87,Rain,1007,15.45,83.79111111,2.261,1
32.51,49,2.22,4,Clear,1003,323.96,0,4.76,1
10.39,97,0.65,100,Rain,1012,2765.99,97.61888889,2.262,1
28.66,85,3.94,99,Clouds,1001,118.11,79.94333333,2.199,1
23.68,95,1.49,100,Clouds,1009,377.79,97.00444444,18.942,1
25.25,77,0.76,78,Clouds,1006,12,51.31,2.45,1
25.99,97,2.46,100,Rain,996,256.84,19.60333333,5.108,1
18.45,99,0.54,100,Rain,1009,2119.54,86.85666667,2.287,1
27.46,87,3.32,100,Clouds,1003,157.58,0,1.07,1
23.15,97,1.49,84,Clouds,1010,110.17,84.43666667,14.002,1
26.91,89,1.46,99,Clouds,1000,73.56,89.47555556,3.226,1
23.32,81,0.61,59,Clouds,1007,1673.76,89.73444444,2.315,1
23.45,84,4.37,100,Clouds,1009,768.84,51.52444444,0.702,1
27.39,91,2.11,42,Clouds,1010,4.95,88.73333333,2.746,1
21.74,94,1.3,22,Clouds,1015,340.62,38.45555556,20.194,1
31.36,68,5.66,73,Rain,999,1.75,65.697245,2.011,1
23.86,92,5.41,100,Rain,1003,550.19,1.295555556,0.814,1
26.13,94,0.91,93,Clouds,1008,188.01,23.17555556,3.918,1
25.83,95,3.34,100,Clouds,1009,4.68,88.35666667,6.086,1
26.34,79,3.52,94,Clouds,1003,126.87,91.09111111,9.391,1
25.57,98,2,100,Rain,1001,91.26,66.6544,1.802,1
23.47,97,2.09,100,Rain,1005,20.18,91.19,3.264,1
23.6,97,1.97,100,Rain,1010,-0.2,67.49222222,2.421,1
26.76,95,1.37,90,Clouds,1005,65.69,89.31777778,2.073,1
23.55,95,5.18,100,Rain,1014,103.03,81.55777778,16.23,1
25.96,89,1.21,99,Clouds,1002,124.81,82.67889,5.985,1
27.57,91,2.18,100,Rain,1001,2.86,73.29222222,6.226,1
23.2,99,5.03,100,Rain,1003,399.93,86.28777778,2.232,1
27.63,91,3.16,100,Clouds,998,35.96,60.91888889,2.219,1
20.8,97,0.81,100,Rain,1001,1954.28,80.61111111,24.506,1
26.1,95,2.33,100,Rain,1007,53.19,76.99666667,2.164,1
25.43,92,3.21,100,Rain,1010,35.12,80.19333333,2.063,1
24.7,94,3.03,100,Rain,1007,52.96,80.25555556,1.479,1
24.51,97,3.74,100,Rain,999,204.79,95.37111111,3.63,1
25.42,91,3.32,100,Clouds,1004,293.08,1.014444444,5.351,1
26.43,83,1.71,100,Clouds,1006,299.29,81.89666667,2.28,1
26.37,95,1.95,90,Clouds,1000,55.16,96.18333333,0.752,1
23.98,93,1.2,99,Rain,1011,137.7,88.16666667,5.588,1
27.73,92,2.97,99,Rain,995,42.75,38.88666667,3.186,1
23.14,98,5.9,100,Rain,1006,408.68,71.90333333,9.164,1
24.59,98,5.63,100,Rain,1008,17.75,90.42,1.049,1
0.68,96,0.54,74,Clouds,1014,2720.47,37.98444444,2.322,1
26.8,91,7.08,100,Rain,999,30.36,88.44333333,5.902,1
26.44,84,5.81,100,Clouds,995,11.98,91.13444444,2.158,1
24.97,95,6.82,100,Rain,996,395.33,80.2167,20.666,1
15.12,91,0.59,41,Clouds,1011,2903.48,84.96111111,2.27,1
22.99,95,1.76,100,Rain,1007,137.04,88.69,3.514,1
25.48,91,3.33,100,Rain,1003,113.7,85.57444444,2.249,1
26.05,93,2.67,100,Rain,992,20.31,84.42666667,1.072,1
28.7,81,1.86,42,Clouds,1003,76.61,91.51555556,21.133,1
24.87,92,3.94,100,Rain,1000,299.1,70.52444444,5.273,1
24.45,95,7.59,100,Rain,1003,161.25,87.83333333,2.242,1
26.27,96,2.11,100,Clouds,1004,138.62,28.99222222,2.268,1
25.3,92,4.33,100,Rain,1009,2.93,92.26333333,3.609,1
23.54,96,1.58,100,Rain,1011,838.58,93.45111111,8.584,1
26.04,89,2.03,96,Clouds,1010,5.34,80.22111111,2.415,1
24.92,84,5.74,94,Clouds,1000,581.53,45.00222222,1.751,1
26.3,91,3.62,99,Rain,1008,0,54.77555556,4.978,1
25.34,94,0.75,100,Rain,1001,90.98,91.47555556,6.145,1
29.95,77,3.86,95,Clouds,1002,59.78,61.78,22.727,1
25.67,88,4.45,100,Rain,992,208.13,92.99444444,1.403,1
26,83,3.6,90,Rain,999,8.87,8.378888889,5.691,1
27.83,86,5.07,100,Clouds,998,164.36,0,6.407,1
23.24,92,6.71,100,Rain,1005,629.56,61.03555556,2.472,1
26.23,92,1.61,100,Rain,1005,125.15,90.83666667,6.931,1
26.86,93,0.42,100,Rain,1002,114.91,92.43555556,5.909,1
26.3,89,1.62,8,Clear,1007,337.92,47.82111111,5.381,1
23.81,96,1.18,100,Clouds,1005,476.82,96.89111111,2.227,1
25.2,90,1.65,100,Rain,1014,9.2,80.81666667,1.143,1
12.16,85,2.88,100,Rain,1013,1765.59,95.07777778,9.803,1
24.78,92,2.06,99,Rain,1000,116.95,89.91666667,2.504,1
24.87,88,5.78,100,Rain,997,409.16,68.9785,2.115,1
23.22,98,6.69,100,Rain,996,629.48,22.03666667,1.321,1
25.25,93,6.61,100,Rain,994,307.25,92.01555556,1.754,1
28.84,86,7.13,100,Rain,996,-0.03,92.68452,24.458,1
26.98,95,0,40,Haze,998,4.34,61.28444444,2.079,1
27.15,94,1.47,100,Rain,999,110,69.34666667,1.323,1
25.73,94,1.68,100,Rain,1009,7.44,78.24333333,2.474,1
27.79,93,1.58,69,Clouds,1003,13,86.00777778,6.349,1
27.09,93,5.43,100,Rain,997,67.84,43.58333333,13.654,1
27.91,95,0.46,100,Rain,997,330.7,80.42333333,1.385,1
26.31,90,1.02,92,Rain,1004,57.64,87.77888889,1.954,1
25.45,93,5.84,100,Rain,997,13.73,91.44555556,3.166,1
20.07,96,0,40,Clouds,1012,780.6,51.92777778,2.307,1
24.21,95,2.42,100,Rain,1010,79.67,88.59444444,23.516,1
25.01,94,0,75,Clouds,1008,85.2,42.95111111,4.154,1
24.79,92,0.63,48,Rain,1006,593.96,94.05222222,3.532,1
22.66,93,1.21,100,Rain,1004,78.29,86.81666667,2.452,1
26.4,95,3.4,100,Rain,1000,51.64,89.22,0.725,1
12.91,97,0.85,100,Rain,1011,2254.64,91.97111111,16.212,1
25.23,91,4.95,100,Rain,1001,3.56,92.96222222,2.792,1
26.32,95,0.65,100,Clouds,1003,88.6,74.40666667,2.226,1
24.87,94,1.14,98,Clouds,1005,139.48,36.77666667,0.975,1
25.43,94,1.71,100,Rain,1004,199.61,94.66222222,4.361,1
22.95,95,6.04,99,Rain,1009,511.51,52.27555556,11.337,1
20.56,98,0.84,100,Rain,1003,1885.09,93.88111111,2.373,1
28.11,90,1.17,100,Rain,998,60.2,90.22666667,0.506,1
26.37,94,0.73,100,Rain,1004,138.82,90.19222222,2.624,1
26.25,90,2.41,99,Rain,1006,83.7,78.45777778,5.707,1
27.23,93,5.93,100,Rain,992,1.8,84.65845,7.864,1
26.99,78,3.24,71,Clouds,1009,319.74,50.85,0.906,1
26.01,80,1.4,96,Clouds,1011,320.63,6.758888889,5.189,1
20.43,91,1.78,99,Rain,1005,93.25,25.28888889,4.972,1
22.16,98,3.42,100,Rain,1009,52.6,91.38333333,2.111,1
23.14,92,2.43,100,Rain,1004,71.97,69.8751,23.277,1
29.87,82,2.69,100,Clouds,1005,141.73,19.02888889,2.946,1
28.69,77,2.13,14,Clouds,1002,203.85,89.14333333,3.329,1
27.2,94,2.07,100,Rain,1000,40.55,92.32222222,2.001,1
6.98,96,0.44,100,Rain,1016,3975.7,18.99222222,1.827,1
26.22,95,2.33,100,Rain,1003,267.33,19.31111111,13.04,1
27.64,76,2.42,96,Clouds,1006,71.99,87.67222222,6.737,1
26.5,95,1.43,99,Rain,1004,82.68,92.71333333,2.452,1
26.54,92,3.73,99,Rain,1003,81.65,91.98111111,0.785,1
26.34,94,4,100,Clouds,1005,35.11,94.15888889,3.956,1
25.54,93,1.64,16,Clouds,1012,112.61,43.71222222,22.196,1
25.55,92,2.71,99,Clouds,1009,530.7,90.36222222,2.067,1
25.87,95,5.38,100,Rain,995,73.6,74.565,1.6,1
25.9,97,2.62,100,Rain,999,45.05,90.29111111,5.969,1
26.09,95,0,90,Haze,1000,177.17,95.29777778,2.514,1
27.49,98,1.05,100,Rain,998,154.33,91.50555556,5.108,1
27.07,96,3.23,100,Rain,1002,2.21,92.18888889,1.268,1
25.79,95,4.18,100,Rain,1005,56.25,90.54333333,4.725,1
27.65,89,3.09,98,Rain,1006,71.34,90.09777778,3.46,1
25.1,94,2.53,100,Rain,1005,133.62,28.76333333,2.318,1
25.85,96,2.76,100,Rain,1003,36.2,94.54888889,13.168,1
24.89,92,2.39,88,Clouds,1000,59.51,78.95751,1.789,1
29.89,74,4.27,100,Clouds,996,47.46,71.46888889,3.345,1
22.35,95,0.37,100,Rain,1001,1351.23,89.04888889,2.407,1
22.86,95,5.33,100,Rain,1002,598.94,18.17111111,0.517,1
25.67,90,3.21,83,Clouds,1005,244.95,83.38777778,15.896,1
23.64,92,0.97,79,Rain,1003,1163.29,90.75777778,5.861,1
26.24,94,2.38,100,Rain,1005,74.09,79.68562,2.121,1
23.46,88,1.52,42,Clouds,1010,233.7,89.61,2.453,1
5.8,86,1.14,100,Rain,1012,4333.4,61.61111111,5.834,1
27.54,90,2.11,99,Rain,1001,250.05,90.28444444,13.418,1
29.81,87,0.95,100,Clouds,998,101.08,89.74444444,2.347,1
25.9,86,2.94,98,Clouds,1006,320.31,97.26111111,1.991,1
25.61,88,1.47,61,Clouds,1009,274.48,94.54666667,1.884,1
24.73,96,1.05,100,Rain,1002,814.95,92.32111111,4.181,1
24.85,92,3.88,100,Rain,999,120.25,84.03888889,20.449,1
27.84,93,0.84,64,Clouds,1001,136.01,80.41666667,0.52,1
26.77,96,1.92,100,Rain,999,48.64,90.55444444,3.666,1
24.75,96,0.71,100,Rain,1005,118.09,90.34555556,6.651,1
23.37,91,1.57,39,Clouds,1007,87.87,92.52888889,2.332,1
27.81,75,3.17,97,Clouds,1004,157.16,21.69984,5.67,1
23.3,95,0.92,99,Clouds,1014,291.49,85.85666667,5.657,1
-15.67,48,1.3,100,Clouds,1028,4376.91,58.05444444,6.556,1
26.18,93,2.06,100,Clouds,1007,50.79,80.85666667,2.162,1
23.84,96,1.21,90,Rain,1006,79.93,83.16444444,2.2,1
27.64,87,6.05,100,Rain,994,113.53,52.29777778,15.452,1
30.6,85,3.19,100,Clouds,996,87.12,90.75111111,6.594,1
26.47,93,0.58,44,Clouds,1007,76.76,93.24666667,2.485,1
23.19,90,5.76,100,Rain,1005,174.27,85.90111111,1.696,1
21.71,93,1.16,61,Clouds,1010,141.51,93.06,3.644,1
28.34,94,0.98,99,Clouds,1004,85.73,88.62777778,22.04,1
22.72,100,4.96,100,Rain,998,630.92,43.12777778,2.156,1
25.28,96,4.35,100,Rain,1005,264.19,21.93777778,2.01,1
28.78,93,1.26,100,Clouds,999,52.35,25.24888889,4.602,1
25.64,93,0.84,100,Rain,1005,339.54,93.83888889,3.153,1
25.53,93,0.93,95,Rain,1004,105.81,57.6525,12.282,1
25.55,97,5.43,100,Rain,1003,129.3,86.48777778,2.917,1
26.76,95,1.45,99,Rain,1003,15.42,90.41888889,2.161,1
28.15,95,0.92,99,Clouds,1000,173.29,89.22888889,4.62,1
26.83,83,3.54,97,Clouds,1011,89.85,57.72222222,2.242,1
24.71,87,3.11,100,Rain,1006,574.25,77.55888889,7.581,1
25.27,88,1.62,100,Rain,995,109.27,93.68777778,4.952,1
15.67,87,1.2,21,Clouds,1007,1886.58,85.67222222,5.727,1
27.28,83,4.42,100,Rain,1006,383.35,60.44666667,2.252,1
25.35,83,2.49,100,Clouds,1007,516.41,84.85777778,1.42,1
20.54,98,2.64,100,Rain,1009,968.01,96.44444444,13.092,1
24.44,95,2.23,100,Clouds,1012,106.52,84.07111111,2.033,1
24.6,94,0.57,100,Rain,1003,94.33,87.89888889,2.459,1
26.56,96,1.09,100,Rain,1002,90.14,90.75888889,1.652,1
20.46,93,1.01,90,Clouds,1007,2076.8,97.56444444,2.171,1
20.03,93,1.6,97,Rain,1012,484,78.95222222,14.525,1
25.11,87,3.56,100,Rain,999,30.5,87.16555556,2.166,1
26.44,92,4.1,40,Thunderstorm,1005,-5.72,42.3265,1.399,1
28.69,83,3.22,94,Clouds,1006,49,85.16222222,3.355,1
26.36,92,1.58,100,Rain,1000,92.75,42.6598,4.012,1
23.78,90,3.97,99,Clouds,1005,464.02,7.435555556,23.983,1
23.26,96,1.04,100,Rain,1011,742.92,93.03333333,2.599,1
25.33,88,1.53,100,Clouds,1000,290.59,95.92777778,3.049,1
26.79,84,4.19,100,Rain,1006,483.22,0,5.076,1
24.14,99,0.71,99,Rain,1005,524.75,94.02777778,2.245,1
21.27,88,0.81,100,Rain,1015,83.26,55.69754,10.7,1
24.93,93,3.95,100,Clouds,1012,54.95,70.17111111,4.953,1
27.76,86,1.11,100,Clouds,1001,330.04,90.27333333,3.227,1
24.24,92,0.77,65,Rain,1007,98.41,81.2365,2.468,1
28.21,55,1.68,100,Clouds,1009,754.33,79.77555556,1.887,1
25.52,91,1.24,95,Clouds,1005,147.4,83.654265,19.689,1
29.05,91,0.71,96,Rain,999,141.54,93.07555556,4.15,1
25.26,94,2.72,35,Clouds,1001,494.71,92.30444444,2.037,1
25.59,94,1.01,98,Rain,1009,377.86,96.56666667,2.399,1
25.97,89,1.54,49,Clouds,1006,265.29,43.63333333,3.41,1
22.77,98,2.84,100,Rain,1011,199.69,89.28333333,9.163,1
1.81,58,1.8,0,Clear,1018,1435.91,95.09777778,2.259,1
25.26,90,3.61,100,Rain,1002,674.86,84.74111111,1.679,1
28.91,71,0.53,100,Clouds,1001,127.44,92.52777778,4.405,1
25.64,94,1.83,100,Rain,996,135.37,91.86222222,4.041,1
25.78,95,1.2,100,Rain,1001,91.91,79.6987,10.193,1
22.11,95,0.76,100,Rain,1000,1826.14,94.43444444,1.818,1
21.28,94,7.55,100,Rain,1009,626.36,2.521111111,5.546,1
27.78,92,1.03,99,Rain,1001,39.56,90.49888889,5.598,1
24.45,97,1.92,100,Rain,1002,469.08,87.88666667,2.169,1
27.71,92,5.15,100,Rain,1001,2.02,63.19,20.706,1
28.81,76,6.65,98,Rain,1006,84.9,89.02555556,1.619,1
27.19,94,1.2,100,Clouds,1010,24.2,87.49333333,2.277,1
21.05,95,5.18,100,Rain,1007,571.91,89.99778,1.65,1
8.35,86,0.65,100,Rain,1010,4824.79,8.557778,0,1
30.12,75,1.62,14,Clouds,1006,87.45,86.16333,5.5,1
27.02,74,1.67,4,Clear,1009,3.4,92.05667,7,1
30.32,79,2.52,98,Clouds,995,59.32,64.75111,0.95,1
26.13,81,3.48,100,Rain,1005,151.44,91.78889,5.2,1
26.69,89,1.39,56,Clouds,1008,7.27,87.27222,1.2,1
26.83,92,1.55,100,Clouds,1001,59.25,88.82222,4.2,1
23.35,94,1.79,100,Rain,1002,154.51,93.71111,4,1
26.05,92,5.03,100,Clouds,1000,185.62,87.99556,2.9,1
24.12,89,0,20,Smoke,1009,22.45,19.82222,5,1
22.76,87,5.35,100,Clouds,1008,699.66,46.75556,11,1
31.53,76,1.35,83,Rain,1000,20.29,80.31222,2.5,1
29.73,79,1.79,98,Rain,998,119.08,91.42778,30,1
-14.02,92,1.73,99,Snow,1008,5554.87,1.11,0,1
26.32,93,0.37,100,Rain,1002,75.35,59.31222,8.5,1
31.93,61,1.81,45,Clouds,999,123.47,68.05333,0.65,1
25.73,94,2.56,96,Rain,1002,134.62,72.70667,40,1
29.35,83,2.83,96,Rain,1002,153.1,0,1.7,1
20.6,94,1.11,26,Clouds,1013,65.59,92.59222,6.6,1
23.7,87,0.43,98,Rain,1012,271.95,57.91,0.2,1
26.24,93,0.46,92,Clouds,1009,25.64,69.894,0.56,1
25.07,92,1.05,32,Clouds,1013,6.56,82.95889,0.25,1
31.2,74,0.34,100,Clouds,1000,82.42,55.15778,1.5,1
26.16,80,6.14,49,Clouds,998,324.15,89.35778,12,1
24.55,94,0.95,100,Rain,1000,659.35,93.27,50,1
30.47,80,0.8,85,Clouds,1000,139.11,78.88667,0.1,1
34.79,29,2.71,0,Clear,1003,203.34,83.32778,6.5,1
26.12,95,1.96,66,Clouds,1008,44.38,90.96556,6.7,1
34.81,35,4.63,81,Clouds,1006,608.34,0.906667,19,1
27.49,89,0.42,99,Clouds,1004,89.65,92.92333,8,1
27.9,90,1.11,100,Rain,1001,15.29,84.08222,4,1
14.02,89,1.05,21,Clouds,1012,453.22,89.6845,8,1
17.17,97,1.31,97,Clouds,1016,373.23,93.07778,13.7,1
23.33,92,2.56,90,Rain,1011,11.82,84.597,3.3,1
27.83,82,1.67,25,Clouds,1003,170.57,86.44889,11.7,1
27.22,78,1.19,98,Rain,1012,1010.95,93.02,8.35,1
24.36,83,5.12,99,Clouds,1010,289.66,30.90444,6.1,1
27.43,72,2.92,99,Clouds,1007,23.57,77.91,0.001,1
36.89,39,0.96,57,Clouds,1006,326.77,4.451111,3.1,1
16.66,95,0.31,100,Rain,1006,2007.48,91.39778,5.75,1
28.9,86,1.54,100,Rain,996,135.57,81.34556,45,1
21.9,87,1.14,43,Clouds,1010,762.3,89.07556,0.12,1
17.64,98,0.05,100,Rain,1007,1151.55,88.33889,0.08,1
40.93,23,1.79,26,Clouds,1000,300.76,91.12,3.3,1
22.47,85,0.81,75,Clouds,1003,1587.08,91.95,22,1
31.79,46,2.06,44,Clouds,1005,468.04,91.85222,55,1
26.24,86,2.1,20,Drizzle,1009,80.41,28.12667,12.5,1
35.07,48,3.76,97,Clouds,1002,74.25,82.10222,42,1
22.42,54,0.89,20,Clouds,1012,438.33,94.08111,4.75,1
25.68,94,0.22,100,Rain,1004,68.79,86.41889,12.1,1
41.95,14,5.39,0,Clear,992,255.07,16.71111,7.8,1
11.69,95,0.82,85,Rain,1010,2789.92,69.71111,1.8,1
32.63,76,4.76,98,Clouds,998,41.45,87.13667,6.6,1
25.56,95,1.73,100,Rain,1011,15.45,83.79111,6.2,1
14.73,97,0.3,100,Rain,1015,2765.99,97.61889,8,1
26.06,93,2.64,99,Clouds,1006,118.11,79.94333,1.8,1
29.27,74,1.99,63,Clouds,1010,377.79,97.00444,20,1
27.74,91,1.23,42,Clouds,1001,12,51.31,0.02,1
34.67,44,5.16,100,Clouds,1001,256.84,19.60333,3.1,1
18.31,95,1.23,100,Rain,1008,2119.54,86.85667,16,1
26.96,86,4.05,100,Clouds,1003,157.58,0,0.3,1
26.83,90,1.85,100,Rain,1008,110.17,84.43667,3.8,1
28.34,81,1.76,74,Clouds,1002,73.56,89.47556,17,1
22.88,53,0.5,20,Rain,1004,1674.21,89.73444,9.3,1
23.15,91,5.38,100,Rain,1004,768.84,51.52444,2.6,1
26.24,96,0,75,Rain,1006,4.95,88.73333,1,1
24.35,78,5.56,100,Clouds,1003,340.62,38.45556,0.6,1
27.55,92,3.43,4,Clear,1008,1.75,87.68579,30,1
24.08,89,5.38,98,Clouds,1004,550.19,1.295556,14,1
33.67,38,4.13,39,Clouds,1003,188.01,23.17556,22,1
25.03,96,2.22,97,Clouds,1009,4.68,88.35667,5.8,1
16.88,99,1.23,68,Clouds,1016,126.87,91.09111,21,1
26.26,95,0.59,98,Rain,1004,99.15,28.04444,0.05,1
9.92,74,0.71,18,Clouds,1015,4248.99,31.29111,0.9,1
28.48,77,1.67,96,Clouds,1002,91.26,98.65625,2.8,1
27.27,77,4.21,100,Clouds,1002,251.75,0,14.4,1
28.64,88,1.29,99,Clouds,999,128.86,92.64111,30,1
38.11,36,3.97,63,Clouds,1001,199.67,87.69542,1.6,1
25.48,98,2.07,51,Clouds,1011,16.43,88.60556,4,1
20.8,93,0,20,Clouds,1010,735.84,70.96889,17,1
25.94,96,0.51,100,Rain,1004,20.18,91.19,4,1
27.6,84,5.36,81,Clouds,1001,94.29,1.787778,2.4,1
27.74,85,1.8,73,Clouds,1008,-0.2,67.49222,1.1,1
28.54,86,1.53,95,Clouds,1005,222.72,55.21778,25,1
5.82,91,1.67,100,Rain,1011,4149.66,32.52778,1.3,1
20.23,86,0.81,15,Clouds,1010,1646.56,89.94,4.6,1
27.6,88,3.19,45,Clouds,1007,82.26,86.46333,30,1
27.83,94,2.38,98,Clouds,998,65.69,89.31778,3.3,1
31.42,68,0.82,79,Clouds,999,220.28,47.69,0.7,1
24.34,97,1.25,39,Clouds,1011,154.25,17.87111,0.3,1
23.16,91,2.08,74,Clouds,1013,103.03,81.55778,9,1
22.93,94,5.39,100,Rain,999,629.48,22.03667,30,1
24.14,48,1.52,0,Clear,1012,307.25,92.01556,65.5,1
27.23,39,3.26,0,Clear,1008,-0.03,68.7951,13.5,1
27.66,93,0,20,Haze,1001,4.34,61.28444,13,1
27.2,86,2.99,100,Rain,1008,7.44,78.24333,10,1
33.13,76,5.38,68,Clouds,1000,13,86.00778,7,1
26.65,88,4.77,100,Clouds,1001,67.84,43.58333,5.2,1
29.75,78,3.04,99,Rain,1001,51.64,89.22,67.5,1
14.84,96,0.64,100,Rain,1010,2254.64,91.97111,151,1
25.84,90,3.93,100,Rain,999,3.56,92.96222,77.6,1
17.8,94,1.14,100,Rain,1006,1885.09,93.88111,43.2,1
27.2,29,4.53,5,Clear,1003,60.2,90.22667,15.5,1
32.03,75,1.61,38,Clouds,1000,138.82,90.19222,34.05,1
25.09,97,1.55,95,Rain,1005,83.7,78.45778,1.683,1
29.06,89,1.58,100,Rain,997,1.8,79.61575,9.6,1
29.38,47,2.42,0,Clear,1010,319.74,50.85,22.5,1
27.12,82,1.28,93,Clouds,1005,320.63,6.758889,19.1,1
22.98,87,1.98,78,Clouds,1009,93.25,25.28889,0.1,1
20.84,99,3.17,100,Rain,1003,52.6,91.38333,5.4,1
25.46,92,1.23,68,Rain,1000,71.97,90.5975,0.2,1
31.05,65,3.95,100,Clouds,1001,141.73,19.02889,12.6,1
27.96,63,2.15,0,Clear,1003,203.85,89.14333,227,1
-1.27,91,1.36,71,Clouds,1018,3975.7,18.99222,32.48,1
32.45,65,1.37,100,Clouds,996,267.33,19.31111,16.5,1
29.17,80,2.88,26,Clouds,1006,71.99,87.67222,50,1
27.2,93,0.62,100,Rain,1004,82.68,92.71333,16.178,1
29.85,76,1.63,30,Clouds,1004,81.65,91.98111,12.5,1
28.28,88,2.23,84,Rain,1005,35.11,94.15889,6.8,1
28.73,77,2.34,66,Clouds,1009,530.7,90.36222,8.2,1
27.05,92,2.61,99,Rain,996,73.6,98.7951,7.01,1
32.59,47,2.86,11,Clouds,1005,45.05,90.29111,23.65,1
25.69,76,0,40,Haze,1007,177.17,95.29778,8.7,1
24.8,100,1.83,100,Rain,1002,154.33,91.50556,16,1
27.35,93,1.22,99,Rain,996,59.51,75.9514,0.1,1
29.04,85,5.6,64,Clouds,999,47.46,71.46889,3.26,1
18.59,68,1.85,24,Clouds,1011,1351.23,89.04889,14.2,1
30.74,57,1.73,25,Clouds,1005,598.94,18.17111,3.146,1
26.47,93,3.48,100,Rain,998,244.95,83.38778,0.1,1
23.74,95,0.49,50,Rain,1006,1163.29,90.75778,5.4,1
25.9,93,1.15,93,Rain,1008,74.09,96.47512,0.1,1
35.31,26,1.5,96,Clouds,1003,233.7,89.61,5.25,1
16.12,72,0.71,28,Clouds,1010,4333.4,61.61111,3.7,1
25.19,93,0.54,69,Clouds,1012,291.49,85.85667,40,1
-14.76,59,1.59,96,Clouds,1027,4376.91,58.05444,8.6,1
32.41,70,2.97,46,Rain,1006,50.79,80.85667,13.44,1
19.81,93,1.29,100,Rain,1011,79.93,83.16444,2.635,1
28.28,88,3.33,99,Clouds,1001,113.53,52.29778,1.2,1
27.44,95,1.48,100,Clouds,1005,87.12,90.75111,43.2,1
27.95,87,1.46,10,Clear,1006,76.76,93.24667,6.86,1
28.77,40,2.08,0,Clear,1014,264.19,21.93778,13.2,1
-14.76,59,1.59,96,Clouds,1027,4376.91,58.05444,100,1
32.41,70,2.97,46,Rain,1006,50.79,80.85667,21,1
19.81,93,1.29,100,Rain,1011,79.93,83.16444,3.041,1
28.28,88,3.33,99,Clouds,1001,113.53,52.29778,3.4,1
27.44,95,1.48,100,Clouds,1005,87.12,90.75111,42.75,1
27.95,87,1.46,10,Clear,1006,76.76,93.24667,8.5,1
28.77,40,2.08,0,Clear,1014,264.19,21.93778,11.83,1
28.52,87,4.41,97,Clouds,1000,52.35,25.24889,1.02,1
26.29,89,1.37,4,Clear,1009,339.54,93.83889,62.66,1
17.28,92,1.35,98,Rain,1010,105.81,95.82225,0.1,1
25.79,95,2.55,64,Clouds,1001,129.3,86.48778,1.2,1
27.62,93,1.98,100,Rain,1004,15.42,90.41889,18,1
24.24,59,2,0,Clear,1014,30.5,87.16556,9.5,1
31.84,80,1.5,20,Clouds,1005,-5.72,75.9584,0.5,1
24.43,96,3.74,20,Rain,1005,49,85.16222,3.24,1
30.29,83,1.2,99,Rain,997,92.75,89.6974,17.5,1
34.39,24,2.55,40,Clouds,1010,464.02,7.435556,18.5,1
23.89,92,0.95,94,Rain,1010,742.92,93.03333,13.5,1
25.07,94,1.3,100,Clouds,1003,290.59,95.92778,6.275,1
25.73,87,2.07,78,Clouds,1008,483.22,0,7.2,1
25.07,92,2.36,88,Rain,1010,524.75,94.02778,11.714,1
36.8,47,1.31,44,Clouds,1000,535.16,97.52222,27.7,1
32.56,68,1.65,0,Clear,1001,212.91,88.91778,20.069,1
25.65,89,2.96,100,Clouds,1005,11.29,86.81667,6.77,1
28.55,75,4.32,94,Clouds,1001,323.96,0,33,1
24.35,50,1.63,0,Clear,1005,399.93,86.28778,5.139,1
11.57,76,1.6,5,Clear,1012,1954.28,80.61111,16.04,1
26.61,81,2.28,100,Clouds,1009,45.18,80.50444,3.4,1
23.99,94,3.35,100,Clouds,1003,293.08,1.014444,1.826,1
31.04,42,4.94,52,Clouds,1003,299.29,81.89667,7.268,1
25.01,85,1.61,13,Rain,1004,11.98,91.13444,15.57,1
24.72,92,1.12,74,Clouds,1007,137.04,88.69,10.11,1
29.14,82,1.81,46,Clouds,1001,20.31,84.42667,1.382,1
25.75,97,4.13,87,Clouds,1002,161.25,87.83333,3.998,1
22.49,99,2.15,34,Clouds,1010,838.58,93.45111,8.057,1
26.6,44,1.8,0,Clear,1009,581.53,45.00222,12.1,1
29.34,77,5.57,9,Clear,1008,0,54.77444,0.1,1
39.72,24,2.48,1,Clear,1001,59.78,61.78,0.15,1
36.87,36,2.02,1,Clear,998,114.91,92.43556,15.5,1
23.3,94,1.65,100,Rain,1001,476.82,96.89111,16,1
35.36,47,3.28,70,Clouds,1003,9.2,80.81667,0.4,1
40.65,21,1.94,81,Clouds,1001,409.16,96.6574,3,1
26.39,70,1.32,5,Clear,1010,110,69.34667,0.01,1
15.15,98,1.51,0,Clear,1012,330.7,80.42333,3.4,1
31.38,61,1.94,100,Clouds,1003,57.64,87.77889,3.3,1
26.87,94,0.44,83,Clouds,1002,13.73,91.44556,4.2,1
29.17,76,1.91,52,Clouds,1006,79.67,88.59444,4.1,1
25.72,92,1.24,96,Rain,1002,68.95,89.76333,0.3,1
27.23,94,0.81,88,Clouds,1006,88.6,74.40667,2,1
22.44,95,1.35,100,Clouds,1012,511.51,52.27556,8,1
30.4,76,0.83,26,Clouds,1005,40.55,92.32222,4.6,1
27.65,86,0.62,100,Rain,1006,112.61,43.71222,1.6,1
27.99,94,3.2,32,Clouds,1006,2.21,92.18889,0.58,1
33.75,60,2.32,31,Clouds,1002,56.25,90.54333,1.1,1
31.93,76,1.8,100,Rain,998,71.34,90.09778,0.05,1
30.97,53,3.33,43,Clouds,1007,36.2,94.54889,2.3,1
24.16,96,1.88,100,Rain,1004,250.05,90.28444,1,1
14.69,89,1.17,0,Clear,1013,320.31,97.26111,30,1
23.43,76,2.51,0,Clear,1013,274.48,94.54667,0.35,1
25.24,75,3.1,0,Clear,1006,136.01,80.41667,1.85,1
27.25,97,3.7,98,Rain,1001,48.64,90.55333,2.1,1
27.4,91,2.04,100,Rain,1001,118.09,90.34556,0.998,1
28.11,78,1.27,47,Rain,1014,157.16,98.7462,12,1
34.37,43,1.85,55,Clouds,1005,174.27,85.90111,1.7,1
24.47,68,1.06,1,Clear,1016,141.51,93.06,1.8,1
32.11,62,2.72,29,Clouds,1006,89.85,57.72222,2.75,1
22.64,97,0.7,100,Rain,1007,109.27,93.68778,2.32,1
25.55,75,1.54,0,Clear,1010,383.35,60.44667,0.1,1
20.95,94,3.81,100,Rain,1011,968.01,96.44444,1.9,1
20.55,97,0.64,100,Rain,1006,2076.8,97.56444,7.02,1
24.7,74,1.46,13,Clouds,1005,484,78.95222,0.01,1
32.21,75,2.71,98,Clouds,1002,83.26,91.5984,0.7,1
24.12,59,1.99,6,Clear,1009,442.79,83.21444,34.1321,0
20.85,93,0.73,90,Clouds,1010,675.11,75.53222,2.236068,0
33.41,71,2.52,96,Rain,1003,129.65,27.4,9.899495,0
13.78,62,2.37,4,Clear,1020,121.08,6.135556,100,0
27.05,82,1,75,Rain,1006,70.84,3.398889,46,0
19.08,88,1.5,20,Clouds,1016,1312.69,17.91889,17,0
11.77,80,0,0,Clear,1018,121.67,31.25667,13.0384,0
27.12,92,0.8,100,Rain,1006,99.47,85.66778,14.31782,0
27.95,93,1.51,57,Clouds,1008,151.11,90.37667,37.65634,0
34.04,36,1.5,1,Clear,1004,340.95,42.44889,33.30165,0
17.88,67,1.71,0,Clear,1019,319.74,64.59,28.6007,0
26.81,58,2.97,22,Clouds,1012,937.35,34.52333,12.80625,0
12.17,82,1.64,0,Clear,1017,243.35,12.25667,100,0
15.8,95,1,90,Fog,1017,289.57,0.098889,100,0
29.59,63,0,32,Clouds,1009,80,20.85778,7.211103,0
28.05,85,2.22,88,Rain,1006,46.21,76.41778,8.544004,0
17.38,63,1.99,0,Clear,1012,65.77,1.7,11.7047,0
15.66,65,0.19,1,Clear,1013,745.98,89.38222,25.05993,0
31.44,49,2.1,20,Clouds,1009,0,35.76333,0,0
23.95,38,0.71,0,Clear,1016,442.47,68.28111,30.80584,0
27.1,83,0.92,95,Clouds,1009,5.66,38.68667,7.071068,0
26.08,56,1.31,1,Clear,1013,293.08,0.032222,100,0
33.06,72,1.5,40,Haze,997,77.28,19.25444,15,0
26.83,32,0,58,Haze,1006,236.9,0.651111,23.60085,0
29.33,88,3.4,100,Rain,1004,73.59,87.98333,96.83491,0
23.12,97,2.97,100,Rain,1008,588.38,49.35889,100,0
35.5,42,1.74,43,Clouds,1009,492.33,17.76,9.219544,0
30.11,83,1.81,19,Clouds,1011,53.76,90.24444,30,0
8.28,54,0.6,12,Clouds,1016,981.72,89.12333,31.14482,0
26.71,71,1.34,100,Clouds,1000,360.83,86.71778,100,0
25.24,85,4.22,100,Clouds,1008,345.87,9.114444,8.062258,0
22.59,68,1.5,97,Clouds,1011,272.85,55.94222,100,0
23.01,94,3.6,75,Thunderstorm,1007,307.73,1.81,2.828427,0
17.35,76,1.69,5,Clear,1013,331.11,50.45,24.18677,0
15.88,92,1.8,0,Clear,1014,894.17,24.01444,26.41969,0
24.51,65,4.46,82,Clouds,1011,225.4,62.10111,100,0
24.59,84,3.53,99,Clouds,1010,701.86,58.35778,15.0333,0
40.66,33,3.46,22,Clouds,1004,207.82,51.77778,28.16026,0
30.15,74,2.41,95,Clouds,1000,423.78,77.43444,17.02939,0
20.69,79,1.7,0,Clear,1013,414.42,11.24444,11.40175,0
29.5,36,0.76,0,Clear,1009,217.65,73.10333,100,0
28.44,69,4.62,0,Clear,999,107.81,85.66556,24.75884,0
26.11,70,1.99,51,Clouds,1011,230.56,22.75444,22.02272,0
9.71,93,0.86,0,Clear,1020,176.8,28.85222,100,0
25.76,66,2.05,26,Clouds,1013,324.07,72.55778,3.605551,0
35.6,30,3.76,36,Rain,1008,490.36,74.65333,29.06888,0
32.42,68,1.97,49,Rain,1002,258.85,77.24444,100,0
30.29,86,1.05,95,Clouds,1000,178.92,59.01889,100,0
34.83,62,1,20,Clouds,1007,6.96,63.00111,15,0
30.75,65,1,54,Clouds,1001,657.03,80.26222,22.2036,0
30.25,38,2.32,37,Clouds,1006,286.55,89.84444,100,0
27.44,67,1.68,0,Clear,1012,124.27,59.83222,5.385165,0
20.26,79,1.84,46,Clouds,1015,278.01,88.48667,100,0
9.81,86,2.42,0,Clear,1018,212.66,69.00111,100,0
20.07,79,1.36,93,Clouds,1013,246.63,27.58111,10,0
10.42,90,2.01,0,Clear,1018,99.8,52.18667,16.15549,0
24.63,91,0.71,14,Clouds,1009,119.76,90.61889,21.54066,0
26.44,78,3.27,36,Clouds,1008,551.14,76.64111,100,0
28.69,57,2.18,0,Clear,1014,1,56.78111,8.062258,0
15.57,63,1.5,5,Clear,1012,352.51,17.70222,3.605551,0
21.06,71,2.54,0,Clear,1016,171.68,74.34667,8,0
27.59,68,1.14,35,Clouds,1011,306.38,46.09,55.47071,0
25.11,58,1.91,0,Clear,1009,439.05,15.84778,100,0
20.55,55,2.89,18,Clouds,1018,681.91,47.39222,45.88028,0
20.35,74,1,1,Clear,1017,560.46,54.19111,2.236068,0
27.4,91,3.63,100,Rain,998,25.71,22.60222,14.21267,0
27.87,73,1.43,94,Clouds,1006,148.22,37.67667,8.944272,0
19.07,85,1.38,30,Clouds,1012,295.18,33.37333,14,0
29.6,42,1.79,0,Clear,1011,458.02,58.47556,9.899495,0
29.16,68,0.56,67,Clouds,1008,136.17,87.76667,93.13431,0
6.75,94,0.6,0,Clear,1016,233.28,15.91333,100,0
31.68,70,3.73,3,Clear,1006,20.98,3.678889,26.07681,0
28.46,93,1.92,98,Clouds,999,15.89,86.47667,10,0
28.95,79,1,20,Clouds,997,235.91,15.29889,0,0
30.18,67,2.96,77,Clouds,1008,371.66,92.81,100,0
34.82,66,2.21,75,Clouds,1002,60.06,79.55556,3.162278,0
25.89,87,1.53,87,Clouds,1011,561.54,42.15889,9.219544,0
17.26,84,2.56,28,Clouds,1014,81.35,75.36556,15.55635,0
38.23,30,2.76,27,Clouds,1003,235.74,31.49,37,0
17.99,83,1.37,1,Clear,1013,91.81,78.97667,72.44998,0
19.19,83,0.93,0,Clear,1018,47.05,90.20444,79.07591,0
27.03,88,2.45,84,Rain,1007,467.99,68.80778,9,0
25.73,96,3.31,100,Clouds,1004,435.46,69.41222,11.7047,0
30.09,77,1.47,100,Rain,1008,216.86,84.91556,10,0
33.02,62,4.3,100,Clouds,1000,277.45,91.06,60.74537,0
29.71,70,2.93,0,Clear,1008,223.61,32.32667,14.42221,0
19.45,83,2.55,19,Clouds,1012,181.65,80.93667,87.20665,0
24.99,42,4.25,62,Clouds,1017,811.54,26.45333,6.324555,0
22.18,83,1.31,0,Clear,1003,769.27,88.71444,100,0
20.65,84,1.63,17,Clouds,1003,1168.53,84.99111,7.615773,0
15.81,70,2.48,0,Clear,1017,237.81,68.50667,100,0
31.21,76,0,40,Clouds,1003,5.87,54.33,14.31782,0
25.13,93,3.89,100,Rain,1003,183.89,43.51,3.605551,0
32.23,70,3.43,99,Clouds,998,100.84,48.14444,0,0
8.64,97,1,100,Fog,1019,147.89,55.62556,18.43909,0
24.71,91,2.36,68,Clouds,1011,655.81,23.28222,17.26268,0
24.51,58,1.36,0,Clear,1017,153.62,44.37111,100,0
29.39,75,0,90,Rain,1003,125.32,74.38667,100,0
28.41,84,0,90,Rain,997,299.63,79.70222,100,0
31.64,64,1,40,Rain,998,291.23,25.75222,2,0
30.53,65,4.44,100,Clouds,1007,452.74,49.92778,17.26268,0
14.64,23,1,0,Haze,1020,513.86,1.735556,16.15549,0
28.31,83,3.05,70,Rain,1007,294.25,0.102222,10.19804,0
36.28,39,4.83,41,Clouds,1007,289.06,36.646,100,0
22.03,66,2.19,48,Clouds,1011,165.89,36.22667,42.54409,0
16.46,85,0,0,Haze,1018,218.73,47.93333,58.13777,0
27.79,71,0,40,Clouds,1011,6.32,21.35111,4.472136,0
32.28,75,4.19,22,Clouds,997,190.85,77.76,100,0
26.31,85,3.53,98,Clouds,1010,602.12,24.28,14.86607,0
14.04,74,1.98,0,Clear,1014,235.93,62.78667,10.77033,0
33.9,49,2.48,20,Clouds,1013,638.68,64.29889,22.2036,0
5.85,80,1.2,0,Clear,1021,235.65,0.291111,32,0
29.32,47,1.17,82,Clouds,1012,38.22,84.49111,17,0
10.04,82,1,0,Fog,1021,211.74,10.68,41.23106,0
32.73,57,4.25,21,Clouds,1002,260.97,74.55,9.433981,0
26.81,70,7.49,87,Clouds,1012,11.02,81.25111,22.80351,0
24.81,83,3.26,99,Clouds,1009,451.91,63.17444,100,0
22.3,63,5.82,0,Clear,1011,134.21,72.01444,21.2132,0
28.57,76,2.78,100,Clouds,1003,252.41,45.91556,2.828427,0
26.08,92,1.38,96,Clouds,1001,257.79,69.81222,18.43909,0
29.43,10,3.1,20,Clouds,987,134.18,6.047778,34.98571,0
21.42,54,1.51,0,Clear,1015,46.64,86.92444,100,0
29.43,81,1.5,20,Clouds,1009,2.27,53.99,0,0
28.06,72,3.88,64,Clouds,1013,207.76,52.63889,6,0
22.6,54,2.51,0,Clear,1015,45.38,20.96778,7.071068,0
29.01,70,0.25,94,Clouds,1010,260.82,52.43667,41.72529,0
31.01,65,2.06,0,Clear,1004,231.92,78.06111,34.43835,0
20.89,94,1.88,100,Rain,1010,718.21,41.74444,12.08305,0
16.22,94,1.78,2,Clear,1016,70.3,63.81778,6.403124,0
29.6,24,0.5,0,Clear,1013,555.85,13.21556,12.16553,0
27.54,93,2.98,97,Clouds,1005,12.31,88.84444,36.05551,0
28.42,41,2.19,0,Clear,1009,81.39,64.89,20.61553,0
28.35,84,1.67,32,Clouds,1011,8.26,73.53556,25.4951,0
23.95,83,0,20,Clouds,1008,281.97,40.89444,10.44031,0
40.29,21,1.55,6,Clear,1010,261.22,18.48667,9.219544,0
31.45,67,3.1,85,Clouds,1005,0.75,57.04889,11.6619,0
28.41,96,0.94,92,Rain,1003,31.66,57.20111,6.708204,0
29.37,95,1.9,78,Clouds,1000,257.86,54.88444,100,0
32.19,66,2.1,40,Haze,999,184.66,15.52222,7.81025,0
31.14,77,0.83,96,Rain,1008,28.25,86.72333,32.20248,0
23.63,63,2.52,32,Clouds,1013,495.78,88.06667,16.27882,0
33.57,48,1.59,21,Clouds,1009,421.01,71.66556,100,0
19.8,77,1.53,4,Clear,1014,448.31,81.82889,3.605551,0
30.63,74,4.6,0,Clear,994,226.58,0.25,1,0
24.12,93,1.72,85,Clouds,1007,397.38,33.94,30.88689,0
32.38,70,2.5,61,Clouds,1001,73.02,78.10444,67.02984,0
17.61,67,3.08,65,Clouds,1012,467.98,14.87889,16.12452,0
25.34,88,1,40,Rain,1005,50.2,11.28,29.69848,0
31.72,56,2.78,35,Clouds,1010,28.81,51.49333,33.54102,0
6.61,78,0,0,Clear,1021,430.03,0.058889,29.01724,0
22.86,73,0,40,Mist,1012,413.87,14.41778,5,0
13.24,89,2.24,0,Clear,1019,170.25,77.46889,7.28011,0
25.91,82,5.66,35,Clouds,1002,641.79,45.68222,45.60702,0
37.04,47,2.94,3,Clear,1003,237.31,66.15889,100,0
9.27,92,2.09,100,Rain,1020,364.8,86.09,100,0
29.33,40,3.19,30,Clouds,1002,277.43,42.69222,100,0
27.54,87,1.34,100,Clouds,1003,359.07,88.61889,96.25487,0
20.46,90,2.29,21,Clouds,1014,322.74,71.71889,29.73214,0
34.17,63,3.6,92,Clouds,998,236.29,36.17667,4.472136,0
25.04,66,2.1,40,Rain,977,918.3,4.252222,12.04159,0
26.7,90,2.94,100,Rain,1002,279.58,19.87111,2.236068,0
26.01,76,2.1,90,Haze,1001,496.43,3.436667,25.07987,0
18.53,90,2.16,100,Clouds,1015,136,72.13556,0,0
14.77,91,0.98,0,Clear,1017,297.7,64.62333,3,0
24.55,86,3.73,100,Clouds,1010,612.97,0.07,34.82815,0
21.68,72,1.76,50,Rain,1007,1206.24,85.91556,100,0
12.39,65,1,0,Clear,1019,476.85,74.67667,17,0
24.25,77,0.84,75,Rain,1011,1347.02,96.47444,100,0
35.73,41,1.7,73,Clouds,1008,492.02,8.385556,5.656854,0
26.98,92,4.4,100,Rain,1002,81.72,72.78444,5.385165,0
33.01,50,2.1,20,Rain,998,487.97,59.10444,2.236068,0
26.77,75,1.85,5,Clear,1006,210.86,5.172222,100,0
29.08,74,0,40,Haze,1003,550.43,31.00111,15.26434,0
25.31,66,0,84,Clouds,1017,308,78.64333,4.123106,0
28.44,87,0.91,100,Clouds,1006,273.31,85.34556,6.403124,0
8.66,38,0.52,90,Clouds,1013,1598.02,85.47444,22.02272,0
26.88,72,3.38,83,Clouds,1011,3.72,44.61778,3.605551,0
29.91,74,4.48,40,Clouds,1012,259.98,48.10111,7.071068,0
24.89,64,1.92,0,Clear,1009,200.81,8.835556,100,0
23.62,36,0.5,62,Clouds,1005,1587.79,26.64889,5.656854,0
25.88,78,0.9,65,Clouds,1007,305.52,68.15,4.123106,0
28.22,38,2.4,39,Clouds,1009,164.08,2.122222,4.472136,0
17,60,1,95,Clouds,1014,1433.54,77.65667,100,0
29.98,64,2.19,97,Clouds,1001,94.68,13.99556,17.46425,0
26.57,94,3.02,91,Rain,1001,406.7,70.34,3.605551,0
25.41,92,1.92,1,Clear,1009,21.42,82.21333,2,0
22.91,94,0.88,84,Rain,1011,193.41,43.05444,30.08322,0
37,32,2.6,20,Clouds,1000,280.11,38.03444,9.433981,0
30.72,80,1.65,100,Clouds,1007,203.14,26.34,33.52611,0
30.65,77,2.16,99,Rain,1004,264.07,39.40889,8.602325,0
39.18,26,3.76,0,Clear,998,152.93,58.78556,1,0
20.11,59,1.87,0,Clear,1014,1291,86.54889,69.42622,0
23.03,87,4.6,20,Clouds,1008,721.97,9.648889,13,0
41.57,27,2.59,83,Clouds,1001,373,28.77556,51.08816,0
21.99,64,3.03,0,Clear,1012,90.46,67.16889,2,0
29.37,37,1,20,Clouds,1009,454.18,11.57,5.09902,0
38.79,23,3.39,0,Clear,1009,314.89,35.80333,11.04536,0
34.84,64,3.21,42,Clouds,1004,215.94,82.28222,8.062258,0
24.81,95,1.06,97,Clouds,1011,32.86,80.36889,64.63745,0
25.17,83,0.74,100,Clouds,1006,1662.83,96.40778,100,0
30.94,84,1.91,82,Rain,1000,142.02,69.82,45.27693,0
29.57,29,4.21,4,Clear,1008,546.32,68.27556,4.472136,0
28.99,42,1.5,13,Clouds,1015,17.36,85.88444,16.27882,0
23.01,46,0,20,Clouds,1018,25.9,60.47,5,0
10.37,88,1.85,15,Clouds,1020,351.31,55.25778,11.04536,0
25.97,89,2.18,100,Rain,1010,11.96,37.92,7.071068,0
31.8,42,1.16,0,Clear,1010,169.06,90.08556,55.10898,0
26.37,77,8.53,100,Clouds,1007,526.54,0,8.602325,0
28.32,51,0.23,0,Clear,1014,215.17,13.61778,100,0
22.79,72,1.5,0,Clear,1012,248.86,52.19889,21.18962,0
17.04,82,2.46,100,Clouds,1017,147.85,73.33778,44.64303,0
29.93,60,0,40,Clouds,1006,276.73,63.84,13.41641,0
27.42,62,1.5,20,Clouds,1011,5.64,63.56778,5.385165,0
26.17,92,0,40,Haze,998,244.28,29.02111,26.24881,0
26.72,94,0.76,98,Clouds,1001,53.34,84.12667,10.29563,0
33.19,74,1.42,68,Rain,996,108.18,82.50111,100,0
20.79,69,0,34,Clouds,1012,11.5,7.303333,21.40093,0
28.19,53,0.5,0,Clear,1013,546.27,67.96222,11.40175,0
20.31,72,1.93,0,Clear,1013,156.44,47.81556,3.162278,0
21.74,68,1.14,2,Clear,1019,33.11,51.56444,5,0
29.82,64,5.4,3,Clear,1010,542.07,45.76,10.44031,0
21.35,43,1.45,75,Clouds,1019,273.58,13.66556,17.80449,0
25.97,88,2.13,17,Clouds,1011,15.05,51.57889,12.20656,0
25.77,65,2.72,0,Clear,1006,248.26,1.454444,58.46366,0
30.36,61,2.37,0,Clear,996,205.08,38.99556,100,0
27.63,94,0.36,98,Rain,1003,22.26,88.65556,35.51056,0
17.53,80,0.76,0,Clear,1008,208,55.58333,24.83948,0
26.42,95,3.24,100,Rain,1002,38.61,58.15444,50.24938,0
32.18,49,6.2,0,Clear,1013,2.32,3.897778,5.385165,0
29.29,62,4.92,86,Clouds,1008,573.52,42.25111,2,0
23.56,94,0.29,98,Rain,1003,1625.74,78.14333,100,0
27.21,85,1.45,28,Clouds,1008,215.03,60.76556,33.24154,0
26.37,74,1,20,Clouds,1009,125.77,19.42444,16.27882,0
37.16,23,4.26,0,Clear,1005,236.9,0.04,100,0
36.45,45,2.55,68,Clouds,1006,256.09,50.47111,9.433981,0
26.01,82,1,20,Clouds,1001,378.78,64.18,30.59412,0
20.21,73,2.1,40,Clouds,945,1022.27,35.10333,9,0
32.01,30,2.31,9,Clear,1008,377.63,45.49,8.544004,0
18.37,56,0.68,0,Clear,1017,774.2,58.72,42.54409,0
13.55,93,1.2,96,Rain,1012,1949.82,86.59889,75.16648,0
29.68,59,4.9,91,Clouds,1011,36.31,74.17889,11.18034,0
6.13,88,2.55,0,Clear,1020,182.3,66.02556,100,0
31.96,47,2.68,65,Clouds,1003,311.18,26.26,85.2115,0
9.98,87,2.22,38,Clouds,1019,229.18,81.20333,100,0
22.31,69,1.78,0,Clear,1010,18.73,84.87111,0,0
14.99,92,0.81,79,Rain,1013,1582.07,85.44,7.071068,0
21.93,81,3.34,27,Rain,1013,69.5,41.99889,100,0
29.52,88,2.04,96,Rain,997,89.71,77.97667,84.11896,0
34.06,73,1.04,47,Rain,996,221.97,0.625556,100,0
27.97,74,2.6,20,Haze,1003,214.79,16.47222,100,0
19.01,84,0,40,Clouds,1012,269.16,82.81444,14.76482,0
26.62,88,3.4,100,Clouds,1010,574.04,34.71222,20.61553,0
30.36,43,2.77,0,Clear,1001,142.94,68.67444,66.7308,0
23.09,94,1,40,Rain,1005,585.61,22.61111,37.85499,0
33.15,71,2.98,61,Clouds,1004,75.22,74.85889,22.2036,0
18.12,81,1.48,31,Clouds,1013,310.92,66.12222,12.80625,0
35.88,59,2.93,29,Clouds,1002,175.62,29.74333,100,0
22.97,94,1.65,34,Clouds,1013,69.4,73.55222,11.40175,0
12.6,83,2.07,0,Clear,1013,199.63,56.84,100,0
25.01,40,1.58,0,Clear,1013,196.25,48.12667,100,0
30.38,82,1.36,64,Clouds,1003,8.61,79.98889,35.0571,0
25.91,76,1.02,82,Rain,1008,105.27,44.70556,5,0
22.41,89,4.54,100,Clouds,1009,836.06,1.46,5,0
18.83,60,1.21,17,Clouds,1016,877.68,91.8,100,0
18.92,75,2.14,0,Clear,1013,116.5,71.22667,6.324555,0
26.14,46,1.96,0,Clear,1015,216.36,90.82556,100,0
11.72,90,1.92,47,Clouds,1017,212.51,68.73333,3.605551,0
21.01,73,1.89,29,Clouds,1012,512.05,82.23222,14.14214,0
17.63,72,1,20,Haze,1018,53.67,1.561111,100,0
22.7,74,1.55,2,Clear,1013,11.33,57.65889,3.162278,0
24.95,88,0,40,Mist,1019,4.91,14.28556,8.062258,0
25.95,44,2.1,0,Smoke,1014,10.09,6.917778,10.63015,0
27.5,33,2,18,Clouds,1014,274.41,0,29.06888,0
21.13,64,3.09,20,Haze,1014,499.55,14.69111,10.77033,0
13.43,63,2.62,0,Clear,1017,327.63,0,9.055385,0
12.75,100,0,90,Fog,1017,227.43,4.356667,94.8736,0
33.82,36,0.5,20,Clouds,1009,209.43,48.64333,100,0
26.34,50,1.55,0,Clear,1014,420.6,2.254444,8.602325,0
24.55,59,1.36,0,Clear,1016,56.86,90.11778,51.66237,0
27.29,92,1.37,98,Clouds,1000,133.55,61.43111,11.7047,0
9.01,83,0,0,Mist,1019,175.81,34.99111,100,0
24.8,41,2.28,0,Clear,1020,304.49,55.98889,12.08305,0
27.37,62,3.4,43,Rain,1018,605.55,76.59444,13.0384,0
20.55,78,4.27,1,Clear,1019,747.58,19.10222,17.69181,0
21.01,98,3.9,100,Rain,1009,778.75,51.85778,38.58756,0
27.21,87,5.88,88,Clouds,1004,289.75,3.567778,14.86607,0
30.68,58,0,40,Clouds,1002,668.25,11.77556,100,0
11.09,47,0,20,Drizzle,1039,1978.24,77.26556,100,0
26.7,90,0.79,7,Clear,1011,15.41,85.51667,2.236068,0
23.72,85,1.33,41,Clouds,1016,169.08,42.90778,13.41641,0
26.88,71,2.4,68,Clouds,1010,355.3,33.20889,100,0
28.59,33,1,20,Clouds,1012,289.8,45.93111,12.16553,0
24.23,86,3.24,100,Clouds,1009,667.76,72.40778,10,0
30.99,53,2.98,6,Clear,1010,24.78,26.23889,6.403124,0
28.56,73,1.82,68,Clouds,1006,222.25,69.38444,12.80625,0
25,92,2.83,0,Clear,1012,13.61,14.55222,2,0
27.92,50,2.99,0,Clear,1007,276.81,34.25889,100,0
12.65,71,1.28,71,Clouds,1016,342.39,21.07889,36.40055,0
25.14,58,1,1,Clear,1011,114.82,86.74,5.656854,0
32.39,70,1.5,20,Clouds,1007,4.65,15.96333,18.97367,0
18.23,57,0.98,88,Clouds,1015,217.07,38.02111,100,0
18.51,94,1.7,21,Clouds,1017,62.43,56.30111,21.84033,0
22.96,53,2.52,1,Clear,1017,592.61,21.05889,100,0
33.79,52,3.59,24,Clouds,1007,251.5,71.74333,1.414214,0
17,84,1.4,49,Clouds,1013,1342.92,90.23556,94.66784,0
20.04,37,1.5,1,Haze,1017,572.29,11.67444,17,0
27.21,92,0,20,Rain,1006,15.28,35.01444,5.830952,0
28.57,81,0,40,Thunderstorm,999,318.83,36.22333,18.35756,0
24.35,31,1.78,0,Clear,1020,286.22,37.65889,12.72792,0
38.43,28,1.04,20,Clouds,1008,442.84,57.15,28.6531,0
29.51,74,1.36,100,Clouds,1003,280.85,51.63111,42.52058,0
29.58,91,1.5,20,Clouds,1002,6.75,9.135556,19.69772,0
20.98,62,1.88,68,Clouds,1013,1541.77,93.34444,75.45197,0
41.59,21,4.81,0,Clear,1003,234.32,10.20778,100,0
27.58,88,0.35,95,Clouds,1003,317.4,62.34111,9.219544,0
12.5,95,1.81,79,Clouds,1017,195.87,73.58444,100,0
31.52,27,1.89,82,Clouds,1010,322.54,36.90444,26.24881,0
25.18,73,2.24,21,Clouds,1012,746.52,9.655556,12,0
20.93,70,2.19,10,Clear,1012,223.65,45.01222,71.16881,0
39.41,27,4.07,53,Clouds,1005,217.81,0.105556,3.162278,0
12.41,91,1.71,0,Clear,1016,117.15,71.43111,90.04999,0
39.64,23,1,13,Clouds,1005,472.64,34.24,11.7047,0
25.06,92,1.26,29,Clouds,1009,3.79,75.83556,3.605551,0
27.15,86,4.08,33,Clouds,1005,16.28,64.12,13.41641,0
30.61,84,2.78,69,Rain,1001,230.66,67.36889,100,0
26.99,78,0.5,20,Mist,1009,4.25,4.683333,15.65685,0
35.55,32,2.26,17,Clouds,1008,246.54,17.73667,100,0
24.87,80,1.84,43,Clouds,1018,106,62.74222,1,0
44.89,7,5.18,30,scattered clouds,1003,340.95,42.44889,80,0
15.89,51,2.47,65,broken clouds,1013,154.6,64.59,55,0
35.57,26,2.36,0,clear sky,1008,124.27,59.83222,34,0
15.54,57,1.92,0,clear sky,1017,89.92,88.64222,33,0
32.97,49,6.46,0,clear sky,1010,276.73,63.84,25,0
27.77,77,2.91,0,clear sky,1009,38.61,58.16333,20,0
31.99,50,1.31,6,clear sky,1009,114.82,86.74,27,0
20.91,54,1.16,99,overcast clouds,1006,404.06,33.44667,30,0
27.44,47,3.41,100,overcast clouds,1006,373,28.77556,11.31,0
29.05,77,4.94,92,light rain,997,75.22,74.85889,9.73,0
16.83,78,0.99,0,clear sky,1011,855.32,25.56333,66,0
28.33,79,9.88,12,few clouds,1004,12.31,88.84444,7.96,0
30.16,80,6.85,93,light rain,1005,8.85,40.46333,5.43,0
20.48,25,2.98,0,clear sky,1015,285.83,32.52,27,0
12.84,39,1.52,35,scattered clouds,1014,197.78,25.6587,26,0
23.72,17,5.45,0,clear sky,1010,495.78,88.06667,52,0
16.41,82,0.45,75,broken clouds,1011,1312.69,17.91889,75,0
23.71,35,0.94,37,scattered clouds,1008,296.87,79.11889,36,0
35.74,57,2.46,74,broken clouds,989,109.77,14.58556,14,0
26.88,70,6.24,59,light rain,1006,639.58,61.10333,33,0
22.73,59,2.78,70,broken clouds,1010,156.44,47.81556,36.2,0
22.24,88,5.01,100,light rain,1007,668.25,11.77556,45,0
25.23,18,1.69,0,clear sky,1013,681.91,47.39222,34.3,0
28.79,31,5.94,0,clear sky,1003,513.86,1.735556,7.2,0
27.09,87,7.72,96,light rain,996,6.75,9.135556,7.36,0
23.7,83,1.36,30,light rain,1009,451.91,63.17444,11.03,0
21.37,82,4.11,80,broken clouds,1011,37.68,83.33,16.8,0
31.42,40,6.8,0,clear sky,1004,86.27,36.16778,9.1,0
30.75,32,1.62,0,clear sky,1006,208,55.58333,43,0
38.41,35,1.91,16,few clouds,991,214.97,3.108889,17,0
38.12,14,6.35,98,overcast clouds,1002,237.31,66.15889,74,0
30.14,29,1.93,55,broken clouds,1010,472.64,34.24,8.1,0
30.02,82,2.42,86,moderate rain,1003,28.25,86.72333,5,0
20.33,50,5.2,51,light rain,1013,223.65,45.01222,21.2,0
19.54,60,2.01,0,clear sky,1014,100.63,52.60444,8.27,0
21.34,26,6.5,0,clear sky,1016,69.5,41.99889,7.96,0
16.05,78,0.32,0,clear sky,1010,89.71,77.97667,4.1,0
19.69,41,3.09,34,light rain,1015,1206.24,85.91556,2.42,0
34.39,36,0.91,41,scattered clouds,1006,142.94,68.67444,25,0
23.89,85,2.06,100,light rain,1005,308,78.64333,8.2,0
33.75,34,6.88,0,clear sky,1009,15.05,51.57889,6.37,0
20.1,87,2.41,67,light rain,1016,91.98,79.27111,2.1,0
19,26,2.49,0,clear sky,1015,323.6,70.56222,36,0
24.55,95,5.31,100,heavy intensity rain,1001,618.96,96.86889,37,0
23.48,93,5.31,100,light rain,1002,496.4,71.04111,14.1,0
23.78,91,1.3,100,moderate rain,1009,119.76,90.61889,14.5,0
27.24,34,3.74,0,clear sky,1011,588.78,52.18667,20.2,0
23,46,3.15,0,clear sky,1013,20.98,3.678889,8.86,0
24.5,35,2,12,few clouds,1014,555.85,13.21556,40,0
26.55,83,4.11,98,light rain,1011,9.12,66.49222,7.71,0
22.81,54,3.42,0,clear sky,1014,8.61,79.98889,19.9,0
13.3,38,3.15,0,clear sky,1017,1088.04,88.86444,16.21,0
27.58,24,2.11,0,clear sky,1007,297.7,64.62333,1.03,0
17.4,76,5.11,49,scattered clouds,1009,169.06,90.08556,34.94,0
41.84,27,3.66,77,broken clouds,994,237.81,68.50667,16.2,0
26.45,66,6,86,overcast clouds,1012,0.75,57.04889,6.1,0
28.3,73,5.89,95,light rain,1008,236.9,0.651111,20,0
23.49,43,2.93,69,broken clouds,1014,321.13,39.20111,37.4,0
26.29,77,5.34,0,clear sky,1008,487.97,59.10444,13.2,0
31.18,59,2.87,0,clear sky,1002,236.9,0.04,109.5,0
37.43,25,3.34,2,clear sky,1010,377.03,1.737778,65,0
14,81,1.92,100,light rain,1015,1587.48,26.62556,9.62,0
20.55,56,0.77,2,clear sky,1010,561.54,42.15889,7.1,0
26.81,37,3.27,0,clear sky,1009,182.3,66.02556,33.8,0
19.28,41,4.22,0,clear sky,1013,258.28,85.76,30,0
27.98,23,2.11,41,scattered clouds,1010,230.66,67.36889,64.7,0
20.25,61,3.76,0,clear sky,1013,11.33,57.65889,3.03,0
27.9,47,1.59,94,overcast clouds,1001,774.2,58.72,3.7,0
25.26,42,2.42,13,few clouds,1008,506.45,96.95,19.9,0
40.81,8,2.36,0,clear sky,992,221.97,0.625556,30.4,0
23.91,41,1.56,0,clear sky,1015,53.34,84.12667,38,0
31.72,21,2.58,13,few clouds,1008,152.93,58.78556,14.552,0
16.99,82,1.03,6,clear sky,1011,997.24,79.84889,6.4,0
31.63,74,1.68,82,light rain,1002,107.81,85.66556,3.98,0
31.88,46,0.18,0,clear sky,1004,125.32,74.38667,4.02,0
21.33,27,1.11,0,clear sky,1011,90.46,67.16889,18.4,0
23.94,77,7.5,97,overcast clouds,1007,836.06,1.46,25.3,0
24.01,75,1.34,59,broken clouds,1012,33.91,40.03667,23.12,0
21.04,86,0.77,91,light rain,1008,24.91,85.22778,18,0
26.88,23,3.04,0,clear sky,1006,280.85,51.63111,9.7,0
31.1,12,2.6,0,clear sky,1013,351.31,55.25778,8.2,0
29.41,63,6.75,92,overcast clouds,1008,454.18,11.57,22.6,0
26.22,85,5.65,100,light rain,1004,214.26,27.40444,20,0
37.36,40,4.23,45,scattered clouds,995,216.36,90.82556,31.9,0
32.13,58,8.06,48,scattered clouds,1005,2.27,53.99,0.97,0
17.38,58,1.92,0,clear sky,1016,171.68,74.34333,1.86,0
25.15,88,6.61,84,broken clouds,999,442.45,65.95333,19.5,0
21.15,66,1.8,0,clear sky,1006,231.92,78.06111,9.8,0
28.59,62,6.19,0,clear sky,1010,95,76.11889,14.1,0
35.98,46,3.67,79,broken clouds,1005,219.54,62.63333,28.5,0
20.51,32,2.18,0,clear sky,1013,289.75,3.567778,21.1,0
34.9,39,3.6,100,overcast clouds,1001,421.01,71.66556,23.9,0
21.82,94,2.33,87,overcast clouds,1011,69.4,73.55222,22.4,0
29.62,42,3.24,37,scattered clouds,1011,264.07,39.40889,4.9,0
23.57,80,2.96,34,scattered clouds,1011,345.87,9.114444,28.4,0
23.22,42,3.22,70,broken clouds,1015,306.38,46.09,23.5,0
27.54,58,2.36,99,overcast clouds,1009,94.42,1.498889,26,0
34.19,10,5.32,60,broken clouds,1008,144.18,91.02222,31,0
9.51,80,1.51,0,clear sky,1017,818.76,96.40222,35,0
27.45,26,5.26,17,few clouds,1010,817.1,81.16556,74.9,0
23.49,56,6.56,0,clear sky,1013,448.88,58.86,14.6,0
19.53,41,3.58,0,clear sky,1011,80.62,13.14889,31.82,0
20.49,90,1.36,27,scattered clouds,1011,492.02,8.385556,33.2,0
25.03,18,4.39,0,clear sky,1013,121.72,88.14889,17.3,0
17.39,96,0.81,84,broken clouds,1006,1433.54,77.65667,11.3,0
35.92,49,1.75,100,overcast clouds,993,62.43,56.30111,15.5,0
28.18,29,2.33,79,broken clouds,1011,272.85,55.94222,16.3,0
11.7,36,3.12,0,clear sky,1015,577.26,20.14889,34.1,0
25.32,68,8.46,100,overcast clouds,1007,721.97,9.648889,17.9,0
30.52,23,2.27,0,clear sky,1011,24.78,26.23889,4.8,0
31.36,12,1.79,3,clear sky,1012,291.66,0.032222,22.6,0
16.02,46,1.57,0,clear sky,1015,319.74,64.59,4.2,0
29.46,69,4.03,99,light rain,1005,314.26,90.09889,13.3,0
33.43,44,2.32,0,clear sky,1002,331.11,50.45,11.16,0
18.87,25,2.01,0,clear sky,1016,225.4,62.10111,49.4,0
20.35,49,1.59,90,overcast clouds,1010,229.45,16.11667,43.6,0
28.28,25,3.09,0,clear sky,1013,467.99,68.80778,23.6,0
22.76,41,3.89,49,scattered clouds,1015,107.51,82.29444,33.2,0
33.42,54,7.52,62,broken clouds,1000,15.66,90.75,10.9,0
20.3,36,1.49,39,scattered clouds,1014,305.52,68.15,31.8,0
36.47,8,2.34,79,broken clouds,1008,423.78,77.48111,5.3,0
28.66,20,3.06,0,clear sky,1011,550.43,31.00111,12.6,0
26.59,76,5.09,100,moderate rain,1007,526.54,0,5.9,0
33.69,41,6.82,0,clear sky,1004,235.65,0.291111,190,0
29.17,36,2.59,73,broken clouds,1011,116.5,71.22667,13.9,0
26.33,16,4.21,0,clear sky,1015,235.18,41.54667,14.9,0
18.06,32,1.65,0,clear sky,1015,80.94,90.29667,10.9,0
31.04,39,2.43,0,clear sky,1004,235.93,62.78667,2.6,0
42.91,17,0.94,0,clear sky,1012,8.26,73.53556,4.3,0
14.04,44,0.21,0,clear sky,1016,236.29,36.17667,37.02,0
24.63,28,1.25,0,clear sky,1008,449.9,88.38889,9.5,0
30.31,75,3.36,89,overcast clouds,998,77.28,19.25444,11.4,0
44.92,6,7.54,0,clear sky,999,476.85,74.67667,28.8,0
19.95,32,2.82,0,clear sky,1017,207.82,51.77778,10.7,0
23.65,82,0.75,100,light rain,1010,355.3,33.20889,7.2,0
23.23,52,4.43,0,clear sky,1010,261.22,18.48667,14.3,0
20.62,21,1.24,0,clear sky,1012,417.7,2.317778,11.7,0
29.25,72,7.56,100,moderate rain,1000,234.32,10.20778,23.5,0
23.88,88,5.06,93,overcast clouds,1002,378.78,64.18,27.8,0
33.17,50,4.06,0,clear sky,1004,226.58,0.25,16.7,0
19.78,67,1.86,0,clear sky,1013,203.14,26.34,4.4,0
26.07,56,3.73,6,clear sky,1006,435.46,69.41222,10.8,0
23.95,41,0.13,19,few clouds,1009,151.89,91.41111,15.2,0
26.56,68,2.48,32,light rain,1002,1625.74,78.14333,14.9,0
21.94,52,2.44,0,clear sky,1006,153.62,44.37111,15.02,0
31.02,65,4.6,13,light rain,995,178.11,11.39333,3.2,0
31.91,22,0.98,30,scattered clouds,1003,178.66,92.24111,21.9,0
27.41,74,4.14,14,few clouds,1006,81.39,64.89,8.85,0
33.91,24,1.52,2,clear sky,1009,443.13,94.82556,16.65,0
32.31,18,4.13,0,clear sky,1014,816.75,27.37556,28.8,0
27.42,69,0.53,87,overcast clouds,1004,286.23,48.32556,10.5,0
22.19,87,0.66,55,light rain,1006,1662.83,96.40778,10.2,0
30.63,70,2.43,100,light rain,1007,15.89,86.47667,25.3,0
22.44,60,3.28,0,clear sky,1016,602.12,24.28,18.2,0
39.93,29,5.63,8,clear sky,1006,4.65,15.96333,5.8,0
31.25,64,4.81,94,overcast clouds,998,165.89,36.22667,11.2,0
29.89,28,1.95,2,clear sky,1011,256.09,50.47111,14.7,0
22.49,77,9.59,100,light rain,1003,918.3,4.252222,26.4,0
23.35,86,6.75,99,light rain,1007,574.04,34.71222,29.7,0
21.61,87,7.88,100,light rain,1007,701.86,58.35778,33.2,0
9.72,61,1.09,0,clear sky,1021,181.65,80.62556,174,0
26.18,47,3.27,0,clear sky,1012,53.76,90.24444,9.36,0
28.27,38,1.52,0,clear sky,1010,295.24,24.78778,37.2,0
25.34,91,7.19,100,heavy intensity rain,997,273.97,56.42,36.6,0
30.63,44,4.08,0,clear sky,1013,2.32,3.897778,7.4,0
19.44,26,1.47,0,clear sky,1014,227.43,4.356667,27.6,0
38.86,11,1.39,8,clear sky,1005,216.86,84.91556,5.6,0
36.25,43,2.35,73,broken clouds,997,246.21,53.14333,20.7,0
45.02,6,7.36,47,scattered clouds,1000,178.92,59.01889,39.2,0
23.72,22,1.36,65,broken clouds,1008,242.96,32.5,1.6,0
36.67,17,8.89,15,few clouds,1001,307.73,1.81,14.8,0
15.56,92,1.22,32,scattered clouds,1012,551.14,76.64111,2.4,0
26.45,75,0.24,49,scattered clouds,1010,4.25,4.683333,8.3,0
28.43,68,1.38,97,overcast clouds,1004,359.07,88.55111,26.7,0
25,81,6.08,100,overcast clouds,1005,572.29,11.68,32.09,0
25.94,70,4.92,0,clear sky,1011,25.71,22.60222,14.7,0
26.6,35,0.93,0,clear sky,1011,22.26,88.65556,15.9,0
11.59,48,0.94,44,scattered clouds,1012,1598.02,85.46778,8.3,0
38.04,32,5.7,6,clear sky,1006,28.81,51.49333,27.8,0
24.65,33,1.56,0,clear sky,1016,246.63,27.58111,14.4,0
19.11,34,1.13,1,clear sky,1015,360.83,86.71778,13.3,0
19.74,83,1.42,20,few clouds,1011,125.77,19.42444,26.4,0
32.4,44,2.97,0,clear sky,1003,244.28,29.02111,10.5,0
33.88,47,6.11,100,overcast clouds,1005,36.31,74.17889,16.4,0
11.35,84,1.34,0,clear sky,1009,1625.31,93.29667,13.64,0
17.93,90,0.97,67,broken clouds,1015,151.11,90.37667,29,0
18.55,37,2.34,2,clear sky,1013,257.79,69.81222,9.8,0
24.41,19,2.95,0,clear sky,1016,224.38,90.41556,15.473,0
28.83,60,0.91,31,scattered clouds,1001,276.81,34.25889,130,0
34.25,16,3.67,50,scattered clouds,1007,661.3,76.75444,19.3,0
27.5,51,2.96,0,clear sky,1004,142.02,69.82,17.43,0
17.02,27,2.14,0,clear sky,1014,175.48,34.73111,71.09,0
30.31,30,5.42,95,overcast clouds,1009,537.46,46.73,6.4,0
31.42,20,1.29,0,clear sky,1010,286.55,89.84556,19.7,0
29.68,13,3.97,0,clear sky,1012,202.83,56.63222,10.5,0
20.08,30,2.33,33,scattered clouds,1013,299.63,79.70222,4.7,0
37.18,43,2.13,10,clear sky,996,210.86,5.172222,17.07,0
27.59,85,5.76,98,light rain,1003,190.85,77.76,12.6,0
14.65,43,2.33,0,clear sky,1016,94.53,88.62889,3.9,0
12.63,40,1.97,90,overcast clouds,1013,134.21,72.01444,1,0
23.11,52,0.7,0,clear sky,1015,219.18,36.13333,69.1,0
32.37,54,1.73,97,overcast clouds,1003,406.7,70.34,16.9,0
29.47,68,4.13,44,scattered clouds,1004,229.18,81.20333,18.26,0
19.25,80,1.99,55,light rain,1000,1978.24,77.26556,17.8,0
33.19,51,4.18,98,overcast clouds,998,243.35,12.25667,49.3,0
24.9,32,0.48,83,broken clouds,1014,21.42,82.21333,5.03,0
30.92,24,1.1,0,clear sky,1010,209.43,48.64333,121.2,0
30.54,63,3.37,5,clear sky,1008,3.79,75.83667,4.6,0
24.47,69,6,94,overcast clouds,1015,371.66,92.81,18.4,0
24.8,32,4.53,0,clear sky,1014,641.79,45.68222,26.12,0
27.72,18,1.98,0,clear sky,1006,184.66,15.52222,41.2,0
19.85,68,3.2,56,broken clouds,1010,211.95,39.95889,16.8,0
33.05,36,0.78,32,light rain,1008,281.97,40.89444,43.5,0
20.94,44,7.81,0,clear sky,1009,289.57,0.098889,113.2,0